project;name;sample_name_old;new_name;bees_in_pool;aim_id;host;host_genus;season;bioregion;plot;sampletype;year;sample_affiliation;project_person;collection;LUI_cat;G_STD;M_STD;F_STD;LUI_value_overall2021_global.ALB..HAI.;seq_run;well_in_pcr_plate
ITS2_susy4pAB;A10-2-A10-3-S179;A10-2-A10-3;A10_RA_Mix;NA;;Ranunculus_acris;Ranunculus;NA;Alb;AEG10;stigma;06.05.2022;stigma;anna;plate;low;0,08;1,61;0,22;1,38;;
ITS2_susy4pAB;A10-1-S177;A10-1;A10_RA1;NA;;Ranunculus_acris;Ranunculus;NA;Alb;AEG10;stigma;06.05.2022;stigma;anna;plate;low;0,08;1,61;0,22;1,38;;
ITS2_susy4pAB;A10-2-S178;A10-2;A10_RA2;NA;;Ranunculus_acris;Ranunculus;NA;Alb;AEG10;stigma;06.05.2022;stigma;anna;plate;low;0,08;1,61;0,22;1,38;;
ITS2_susy4pAB;A10-3-S180;A10-3;A10_RA3;NA;;Ranunculus_acris;Ranunculus;NA;Alb;AEG10;stigma;06.05.2022;stigma;anna;plate;low;0,08;1,61;0,22;1,38;;
ITS2_susy4pAB;A21-1-A10-2-S174;A21-1-A10;A10_21_Mix;NA;;Ranunculus_acris;Ranunculus;NA;Alb;AEG_1021;stigma;NA;stigma;anna;plate;NA;;;;NA;;
ITS2_susy4pAB;A17-1-S225;A17-1;A17_RA1;NA;;Ranunculus_acris;Ranunculus;NA;Alb;AEG17;stigma;03.05.2022;stigma;anna;plate;low;0;1,61;0;1,27;;
ITS2_susy4pAB;A17-2-S160;A17-2;A17_RA2;NA;;Ranunculus_acris;Ranunculus;NA;Alb;AEG17;stigma;03.05.2022;stigma;anna;plate;low;0;1,61;0;1,27;;
ITS2_susy4pAB;A17-3-S161;A17-3;A17_RA3;NA;;Ranunculus_acris;Ranunculus;NA;Alb;AEG17;stigma;03.05.2022;stigma;anna;plate;low;0;1,61;0;1,27;;
ITS2_susy4pAB;A2-1-S157;A2-1;A2_RA1_1;NA;;Ranunculus_acris;Ranunculus;NA;Alb;AEG02;stigma;03.05.2022;stigma;anna;plate;high;0;3,23;5,65;2,98;;
ITS2_susy4pAB;A2-1-2-S182;A2-1-2;A2_RA1_2;NA;;Ranunculus_acris;Ranunculus;NA;Alb;AEG02;stigma;06.05.2022;stigma;anna;plate;high;0;3,23;5,65;2,98;;
ITS2_susy4pAB;A2-2-S158;A2-2;A2_RA2_1;NA;;Ranunculus_acris;Ranunculus;NA;Alb;AEG02;stigma;03.05.2022;stigma;anna;plate;high;0;3,23;5,65;2,98;;
ITS2_susy4pAB;A2-2-2-S183;A2-2-2;A2_RA2_2;NA;;Ranunculus_acris;Ranunculus;NA;Alb;AEG02;stigma;06.05.2022;stigma;anna;plate;high;0;3,23;5,65;2,98;;
ITS2_susy4pAB;A2-3-S184;A2-3;A2_RA3;NA;;Ranunculus_acris;Ranunculus;NA;Alb;AEG02;stigma;06.05.2022;stigma;anna;plate;high;0;3,23;5,65;2,98;;
ITS2_susy4pAB;A10-3-A2-1-2-S223;A10-3-A2-1-2;A2_10_Mix;NA;;Ranunculus_acris;Ranunculus;NA;Alb;AEG_210;stigma;NA;stigma;anna;plate;NA;;;;NA;;
ITS2_susy4pAB;A21-1-S173;A21-1;A21_RA1;NA;;Ranunculus_acris;Ranunculus;NA;Alb;AEG21;stigma;04.05.2022;stigma;anna;plate;high;4,32;0,81;0,74;2,42;;
ITS2_susy4pAB;A21-2-S220;A21-2;A21_RA2;NA;;Ranunculus_acris;Ranunculus;NA;Alb;AEG21;stigma;04.05.2022;stigma;anna;plate;high;4,32;0,81;0,74;2,42;;
ITS2_susy4pAB;A21-3-S176;A21-3;A21_RA3;NA;;Ranunculus_acris;Ranunculus;NA;Alb;AEG21;stigma;04.05.2022;stigma;anna;plate;high;4,32;0,81;0,74;2,42;;
ITS2_susy4pAB;A3-1-S151;A3-1;A3_RA1;NA;;Ranunculus_acris;Ranunculus;NA;Alb;AEG03;stigma;03.05.2022;stigma;anna;plate;low;0;1,61;0;1,27;;
ITS2_susy4pAB;A3-2-S152;A3-2;A3_RA2;NA;;Ranunculus_acris;Ranunculus;NA;Alb;AEG03;stigma;03.05.2022;stigma;anna;plate;low;0;1,61;0;1,27;;
ITS2_susy4pAB;A3-3-S153;A3-3;A3_RA3;NA;;Ranunculus_acris;Ranunculus;NA;Alb;AEG03;stigma;03.05.2022;stigma;anna;plate;low;0;1,61;0;1,27;;
ITS2_susy4pAB;B3-1-S154;B3-1;A3_RB1;NA;;Ranunculus_bulbosus;Ranunculus;NA;Alb;AEG03;stigma;03.05.2022;stigma;anna;plate;low;0;1,61;0;1,27;;
ITS2_susy4pAB;B3-2-S155;B3-2;A3_RB2;NA;;Ranunculus_bulbosus;Ranunculus;NA;Alb;AEG03;stigma;03.05.2022;stigma;anna;plate;low;0;1,61;0;1,27;;
ITS2_susy4pAB;B3-3-S156;B3-3;A3_RB3;NA;;Ranunculus_bulbosus;Ranunculus;NA;Alb;AEG03;stigma;03.05.2022;stigma;anna;plate;low;0;1,61;0;1,27;;
ITS2_susy4pAB;A4-1-S226;A4-1;A4_RA1;NA;;Ranunculus_acris;Ranunculus;NA;Alb;AEG04;stigma;02.05.2022;stigma;anna;plate;int;0,49;0,81;0,88;1,47;;
ITS2_susy4pAB;A4-2-S217;A4-2;A4_RA2;NA;;Ranunculus_acris;Ranunculus;NA;Alb;AEG04;stigma;02.05.2022;stigma;anna;plate;int;0,49;0,81;0,88;1,47;;
ITS2_susy4pAB;A4-3-S150;A4-3;A4_RA3;NA;;Ranunculus_acris;Ranunculus;NA;Alb;AEG04;stigma;02.05.2022;stigma;anna;plate;int;0,49;0,81;0,88;1,47;;
ITS2_susy4pAB;A46-1-S167;A46-1;A46_RA1;NA;;Ranunculus_acris;Ranunculus;NA;Alb;AEG46;stigma;04.05.2022;stigma;anna;plate;int;3,79;0;0;1,95;;
ITS2_susy4pAB;A46-2-S168;A46-2;A46_RA2;NA;;Ranunculus_acris;Ranunculus;NA;Alb;AEG46;stigma;04.05.2022;stigma;anna;plate;int;3,79;0;0;1,95;;
ITS2_susy4pAB;A46-3-S169;A46-3;A46_RA3;NA;;Ranunculus_acris;Ranunculus;NA;Alb;AEG46;stigma;04.05.2022;stigma;anna;plate;int;3,79;0;0;1,95;;
ITS2_susy4pAB;B46-1-S165;B46-1;A46_RB1;NA;;Ranunculus_bulbosus;Ranunculus;NA;Alb;AEG46;stigma;04.05.2022;stigma;anna;plate;int;3,79;0;0;1,95;;
ITS2_susy4pAB;B46-2-S166;B46-2;A46_RB2;NA;;Ranunculus_bulbosus;Ranunculus;NA;Alb;AEG46;stigma;04.05.2022;stigma;anna;plate;int;3,79;0;0;1,95;;
ITS2_susy4pAB;A6-1-S218;A6-1;A6_RA1;NA;;Ranunculus_acris;Ranunculus;NA;Alb;AEG06;stigma;03.05.2022;stigma;anna;plate;int;0,72;0,81;1,04;1,6;;
ITS2_susy4pAB;A6-2-S163;A6-2;A6_RA2;NA;;Ranunculus_acris;Ranunculus;NA;Alb;AEG06;stigma;03.05.2022;stigma;anna;plate;int;0,72;0,81;1,04;1,6;;
ITS2_susy4pAB;A6-3-S164;A6-3;A6_RA3;NA;;Ranunculus_acris;Ranunculus;NA;Alb;AEG06;stigma;03.05.2022;stigma;anna;plate;int;0,72;0,81;1,04;1,6;;
ITS2_susy4pAB;R6-1-S224;R6-1;A6_RR1;NA;;Ranunculus_repens;Ranunculus;NA;Alb;AEG06;stigma;04.05.2022;stigma;anna;plate;int;0,72;0,81;1,04;1,6;;
ITS2_susy4pAB;R6-2-S171;R6-2;A6_RR2;NA;;Ranunculus_repens;Ranunculus;NA;Alb;AEG06;stigma;04.05.2022;stigma;anna;plate;int;0,72;0,81;1,04;1,6;;
ITS2_susy4pAB;R6-3-S172;R6-3;A6_RR3;NA;;Ranunculus_repens;Ranunculus;NA;Alb;AEG06;stigma;04.05.2022;stigma;anna;plate;int;0,72;0,81;1,04;1,6;;
ITS2_susy4pAB;A7-1-S145;A7-1;A7_RP1;NA;;Ranunculus_cf._pseudomontanus;Ranunculus;NA;Alb;AEG07;stigma;02.05.2022;stigma;anna;plate;low;0,76;0;0;0,87;;
ITS2_susy4pAB;A7-2-S146;A7-2;A7_RP2;NA;;Ranunculus_cf._pseudomontanus;Ranunculus;NA;Alb;AEG07;stigma;02.05.2022;stigma;anna;plate;low;0,76;0;0;0,87;;
ITS2_susy4pAB;A7-3-S147;A7-3;A7_RP3;NA;;Ranunculus_cf._pseudomontanus;Ranunculus;NA;Alb;AEG07;stigma;02.05.2022;stigma;anna;plate;low;0,76;0;0;0,87;;
ITS2_susy4pAB;B-2022-PL-01-GERS-S183;B-2022-PL-01-GERS;B_2022_PL_01_GERS;NA;;;;NA;;NA;pollen;;pollen;marielle;;;;;;;;
ITS2_susy4pAB;B-2022-PL-02-HORT-S184;B-2022-PL-02-HORT;B_2022_PL_02_HORT;NA;;;;NA;;NA;pollen;;pollen;marielle;;;;;;;;
ITS2_susy4pAB;B-2022-PL-03-LUCO-S185;B-2022-PL-03-LUCO;B_2022_PL_03_LUCO;NA;;;;NA;;NA;pollen;;pollen;marielle;;;;;;;;
ITS2_susy4pAB;B-2022-PL-04-MESO-S186;B-2022-PL-04-MESO;B_2022_PL_04_MESO;NA;;;;NA;;NA;pollen;;pollen;marielle;;;;;;;;
ITS2_susy4pAB;B-2022-PL-05-MONT-S187;B-2022-PL-05-MONT;B_2022_PL_05_MONT;NA;;;;NA;;NA;pollen;;pollen;marielle;;;;;;;;
ITS2_susy4pAB;B-2022-PL-06-PASC-S279;B-2022-PL-06-PASC;B_2022_PL_06_PASC;NA;;;;NA;;NA;pollen;;pollen;marielle;;;;;;;;
ITS2_susy4pAB;B-2022-PL-07-PRAT-S189;B-2022-PL-07-PRAT;B_2022_PL_07_PRAT;NA;;;;NA;;NA;pollen;;pollen;marielle;;;;;;;;
ITS2_susy4pAB;B-2022-PL-08-PYRE-S190;B-2022-PL-08-PYRE;B_2022_PL_08_PYRE;NA;;;;NA;;NA;pollen;;pollen;marielle;;;;;;;;
ITS2_susy4pAB;B-2022-PL-09-RUDE-S191;B-2022-PL-09-RUDE;B_2022_PL_09_RUDE;NA;;;;NA;;NA;pollen;;pollen;marielle;;;;;;;;
ITS2_susy4pAB;B-2022-PL-10-SICH-S192;B-2022-PL-10-SICH;B_2022_PL_10_SICH;NA;;;;NA;;NA;pollen;;pollen;marielle;;;;;;;;
ITS2_susy4pAB;B-2022-PL-11-SORO-S264;B-2022-PL-11-SORO;B_2022_PL_11_SORO;NA;;;;NA;;NA;pollen;;pollen;marielle;;;;;;;;
ITS2_susy4pAB;B-2022-PL-12-WURF-S194;B-2022-PL-12-WURF;B_2022_PL_12_WURF;NA;;;;NA;;NA;pollen;;pollen;marielle;;;;;;;;
ITS2_susy4pAB;B-2022-PL-13A-WURF-S195;B-2022-PL-13A-WURF;B_2022_PL_13A_WURF;NA;;;;NA;;NA;pollen;;pollen;marielle;;;;;;;;
ITS2_susy4pAB;B-2022-PL-13B-WURF-S196;B-2022-PL-13B-WURF;B_2022_PL_13B_WURF;NA;;;;NA;;NA;pollen;;pollen;marielle;;;;;;;;
ITS2_susy4pAB;Bi-P1718001;Bi-P1718001;Bi-P1718001;NA;;Megachile rotundata;Megachile;NA;Alb;AEG01;reed_pollen;2017;reed_pollen;birte;;;0;1,85;2,04;1,97;;
ITS2_susy4pAB;Bi-P1718009;Bi-P1718009;Bi-P1718009;NA;;Heriades truncorum;Heriades;NA;Alb;AEG01;reed_pollen;2017;reed_pollen;birte;;;0;1,85;2,04;1,97;;
ITS2_susy4pAB;Bi-P1718023;Bi-P1718023;Bi-P1718023;NA;;Osmia bicornis;Osmia;NA;Alb;AEG01;reed_pollen;2017;reed_pollen;birte;;;0;1,85;2,04;1,97;;
ITS2_susy4pAB;Bi-P1718094;Bi-P1718094;Bi-P1718094;NA;;Osmia bicornis;Osmia;NA;Alb;AEG01;reed_pollen;2017;reed_pollen;birte;;;0;1,85;2,04;1,97;;
ITS2_susy4pAB;Bi-P1718110;Bi-P1718110;Bi-P1718110;NA;;Heriades truncorum;Heriades;NA;Alb;AEG01;reed_pollen;2017;reed_pollen;birte;;;0;1,85;2,04;1,97;;
ITS2_susy4pAB;Bi-P1718070;Bi-P1718070;Bi-P1718070;NA;;Osmia bicornis;Osmia;NA;Alb;AEG02;reed_pollen;2017;reed_pollen;birte;;;0;2,78;13,22;4;;
ITS2_susy4pAB;Bi-P1718071;Bi-P1718071;Bi-P1718071;NA;;Osmia bicornis;Osmia;NA;Alb;AEG02;reed_pollen;2017;reed_pollen;birte;;;0;2,78;13,22;4;;
ITS2_susy4pAB;Bi-P1718115;Bi-P1718115;Bi-P1718115;NA;;Osmia bicornis;Osmia;NA;Alb;AEG02;reed_pollen;2017;reed_pollen;birte;;;0;2,78;13,22;4;;
ITS2_susy4pAB;Bi-P1718116;Bi-P1718116;Bi-P1718116;NA;;Megachile rotundata;Megachile;NA;Alb;AEG02;reed_pollen;2017;reed_pollen;birte;;;0;2,78;13,22;4;;
ITS2_susy4pAB;ZR308-S280;ZR308;ZR_308;3;;Osmia_bicornis;Osmia;NA;Alb;AEG21;reed_pollen;2021;reed_pollen;susi_ale;;;3,22;1,06;0;2,07;;
ITS2_susy4pAB;Bi-P1718072;Bi-P1718072;Bi-P1718072;NA;;Osmia bicornis;Osmia;NA;Alb;AEG04;reed_pollen;2017;reed_pollen;birte;;;0,67;0,93;1,81;1,85;;
ITS2_susy4pAB;Bi-P1718073;Bi-P1718073;Bi-P1718073;NA;;Osmia bicornis;Osmia;NA;Alb;AEG04;reed_pollen;2017;reed_pollen;birte;;;0,67;0,93;1,81;1,85;;
ITS2_susy4pAB;Bi-P1718074;Bi-P1718074;Bi-P1718074;NA;;Osmia bicornis;Osmia;NA;Alb;AEG04;reed_pollen;2017;reed_pollen;birte;;;0,67;0,93;1,81;1,85;;
ITS2_susy4pAB;Bi-P1718075;Bi-P1718075;Bi-P1718075;NA;;Osmia bicornis;Osmia;NA;Alb;AEG04;reed_pollen;2017;reed_pollen;birte;;;0,67;0,93;1,81;1,85;;
ITS2_susy4pAB;Bi-P1718147;Bi-P1718147;Bi-P1718147;NA;;Osmia bicornis;Osmia;NA;Alb;AEG04;reed_pollen;2018;reed_pollen;birte;;;1,24;0,96;1,59;1,95;;
ITS2_susy4pAB;Bi-P1718148;Bi-P1718148;Bi-P1718148;NA;;Osmia bicornis;Osmia;NA;Alb;AEG04;reed_pollen;2018;reed_pollen;birte;;;1,24;0,96;1,59;1,95;;
ITS2_susy4pAB;ZR142A-S364;ZR142A;ZR_142A;3;;Osmia_bicornis;Osmia;NA;Alb;AEG04;reed_pollen;2021;reed_pollen;susi_ale;;;0,92;1,06;1,16;1,77;;
ITS2_susy4pAB;ZR142B-S365;ZR142B;ZR_142B;2;;Osmia_bicornis;Osmia;NA;Alb;AEG04;reed_pollen;2021;reed_pollen;susi_ale;;;0,92;1,06;1,16;1,77;;
ITS2_susy4pAB;ZR142C-S366;ZR142C;ZR_142C;3;;Osmia_bicornis;Osmia;NA;Alb;AEG04;reed_pollen;2021;reed_pollen;susi_ale;;;0,92;1,06;1,16;1,77;;
ITS2_susy4pAB;ZR143A-S239;ZR143A;ZR_143A;2;;Osmia_bicornis;Osmia;NA;Alb;AEG04;reed_pollen;2021;reed_pollen;susi_ale;;;0,92;1,06;1,16;1,77;;
ITS2_susy4pAB;ZR143B-S368;ZR143B;ZR_143B;2;;Osmia_bicornis;Osmia;NA;Alb;AEG04;reed_pollen;2021;reed_pollen;susi_ale;;;0,92;1,06;1,16;1,77;;
ITS2_susy4pAB;ZR143C-S369;ZR143C;ZR_143C;2;;Osmia_bicornis;Osmia;NA;Alb;AEG04;reed_pollen;2021;reed_pollen;susi_ale;;;0,92;1,06;1,16;1,77;;
ITS2_susy4pAB;ZR144A-S370;ZR144A;ZR_144A;2;;Osmia_bicornis;Osmia;NA;Alb;AEG04;reed_pollen;2021;reed_pollen;susi_ale;;;0,92;1,06;1,16;1,77;;
ITS2_susy4pAB;ZR144B-S371;ZR144B;ZR_144B;1;;Osmia_bicornis;Osmia;NA;Alb;AEG04;reed_pollen;2021;reed_pollen;susi_ale;;;0,92;1,06;1,16;1,77;;
ITS2_susy4pAB;ZR144C-S372;ZR144C;ZR_144C;2;;Osmia_bicornis;Osmia;NA;Alb;AEG04;reed_pollen;2021;reed_pollen;susi_ale;;;0,92;1,06;1,16;1,77;;
ITS2_susy4pAB;ZR317-S168;ZR317;ZR_317;4;;Osmia_bicornis;Osmia;NA;Alb;AEG04;reed_pollen;2021;reed_pollen;susi_ale;;;0,92;1,06;1,16;1,77;;
ITS2_susy4pAB;ZR319-S281;ZR319;ZR_319;1;;Osmia_bicornis;Osmia;NA;Alb;AEG04;reed_pollen;2021;reed_pollen;susi_ale;;;0,92;1,06;1,16;1,77;;
ITS2_susy4pAB;ZR321A-S171;ZR321A;ZR_321A;1;;Osmia_bicornis;Osmia;NA;Alb;AEG04;reed_pollen;2021;reed_pollen;susi_ale;;;0,92;1,06;1,16;1,77;;
ITS2_susy4pAB;ZR321B-S172;ZR321B;ZR_321B;2;;Osmia_bicornis;Osmia;NA;Alb;AEG04;reed_pollen;2021;reed_pollen;susi_ale;;;0,92;1,06;1,16;1,77;;
ITS2_susy4pAB;ZR321C-S173;ZR321C;ZR_321C;1;;Osmia_bicornis;Osmia;NA;Alb;AEG04;reed_pollen;2021;reed_pollen;susi_ale;;;0,92;1,06;1,16;1,77;;
ITS2_susy4pAB;ZR141A-S361;ZR141A;ZR_141A;4;;Osmia_bicornis;Osmia;NA;Alb;AEG04;reed_pollen;2021;reed_pollen;susi_ale;;;0,92;1,06;1,16;1,77;;
ITS2_susy4pAB;ZR141B-S242;ZR141B;ZR_141B;3;;Osmia_bicornis;Osmia;NA;Alb;AEG04;reed_pollen;2021;reed_pollen;susi_ale;;;0,92;1,06;1,16;1,77;;
ITS2_susy4pAB;ZR141C-S363;ZR141C;ZR_141C;3;;Osmia_bicornis;Osmia;NA;Alb;AEG04;reed_pollen;2021;reed_pollen;susi_ale;;;0,92;1,06;1,16;1,77;;
ITS2_susy4pAB;ZR139A-S355;ZR139A;ZR_139A;2;;Osmia_caerulescens;Osmia;NA;Alb;AEG46;reed_pollen;2021;reed_pollen;susi_ale;;;2,26;0;0;1,5;;
ITS2_susy4pAB;ZR139B-S356;ZR139B;ZR_139B;2;;Osmia_caerulescens;Osmia;NA;Alb;AEG46;reed_pollen;2021;reed_pollen;susi_ale;;;2,26;0;0;1,5;;
ITS2_susy4pAB;ZR139C-S357;ZR139C;ZR_139C;2;;Osmia_caerulescens;Osmia;NA;Alb;AEG46;reed_pollen;2021;reed_pollen;susi_ale;;;2,26;0;0;1,5;;
ITS2_susy4pAB;ZR140A-S358;ZR140A;ZR_140A;2;;Osmia_sp;Osmia;NA;Alb;AEG46;reed_pollen;2021;reed_pollen;susi_ale;;;2,26;0;0;1,5;;
ITS2_susy4pAB;ZR140B-S359;ZR140B;ZR_140B;2;;Osmia_sp;Osmia;NA;Alb;AEG46;reed_pollen;2021;reed_pollen;susi_ale;;;2,26;0;0;1,5;;
ITS2_susy4pAB;ZR140C-S360;ZR140C;ZR_140C;4;;Osmia_sp;Osmia;NA;Alb;AEG46;reed_pollen;2021;reed_pollen;susi_ale;;;2,26;0;0;1,5;;
ITS2_susy4pAB;ZR318-S169;ZR318;ZR_318;1;;Osmia_bicornis;Osmia;NA;Alb;AEG46;reed_pollen;2021;reed_pollen;susi_ale;;;2,26;0;0;1,5;;
ITS2_susy4pAB;Bi-P1718069;Bi-P1718069;Bi-P1718069;NA;;Osmia bicornis;Osmia;NA;Alb;AEG05;reed_pollen;2017;reed_pollen;birte;;;0,32;0;2,64;1,72;;
ITS2_susy4pAB;Bi-P1718076;Bi-P1718076;Bi-P1718076;NA;;Osmia bicornis;Osmia;NA;Alb;AEG05;reed_pollen;2017;reed_pollen;birte;;;0,32;0;2,64;1,72;;
ITS2_susy4pAB;Bi-P1718078;Bi-P1718078;Bi-P1718078;NA;;Osmia bicornis;Osmia;NA;Alb;AEG05;reed_pollen;2017;reed_pollen;birte;;;0,32;0;2,64;1,72;;
ITS2_susy4pAB;Bi-P1718080;Bi-P1718080;Bi-P1718080;NA;;Osmia bicornis;Osmia;NA;Alb;AEG05;reed_pollen;2017;reed_pollen;birte;;;0,32;0;2,64;1,72;;
ITS2_susy4pAB;Bi-P1718114;Bi-P1718114;Bi-P1718114;NA;;Osmia bicornis;Osmia;NA;Alb;AEG05;reed_pollen;2017;reed_pollen;birte;;;0,32;0;2,64;1,72;;
ITS2_susy4pAB;Bi-P1718144;Bi-P1718144;Bi-P1718144;NA;;Osmia bicornis;Osmia;NA;Alb;AEG05;reed_pollen;2018;reed_pollen;birte;;;1,01;0,96;1,59;1,89;;
ITS2_susy4pAB;Bi-P1718145;Bi-P1718145;Bi-P1718145;NA;;Osmia bicornis;Osmia;NA;Alb;AEG05;reed_pollen;2018;reed_pollen;birte;;;1,01;0,96;1,59;1,89;;
ITS2_susy4pAB;Bi-P1718149;Bi-P1718149;Bi-P1718149;NA;;Osmia bicornis;Osmia;NA;Alb;AEG05;reed_pollen;2018;reed_pollen;birte;;;1,01;0,96;1,59;1,89;;
ITS2_susy4pAB;ZR154A-S293;ZR154A;ZR_154A;3;;Osmia_caerulescens;Osmia;NA;Alb;AEG05;reed_pollen;2021;reed_pollen;susi_ale;;;1,46;0;0,21;1,3;;
ITS2_susy4pAB;ZR154B-S6;ZR154B;ZR_154B;3;;Osmia_caerulescens;Osmia;NA;Alb;AEG05;reed_pollen;2021;reed_pollen;susi_ale;;;1,46;0;0,21;1,3;;
ITS2_susy4pAB;ZR154C-S7;ZR154C;ZR_154C;3;;Osmia_caerulescens;Osmia;NA;Alb;AEG05;reed_pollen;2021;reed_pollen;susi_ale;;;1,46;0;0,21;1,3;;
ITS2_susy4pAB;ZR155A-S269;ZR155A;ZR_155A;3;;Osmia_bicornis;Osmia;NA;Alb;AEG05;reed_pollen;2021;reed_pollen;susi_ale;;;1,46;0;0,21;1,3;;
ITS2_susy4pAB;ZR155B-S10;ZR155B;ZR_155B;4;;Osmia_bicornis;Osmia;NA;Alb;AEG05;reed_pollen;2021;reed_pollen;susi_ale;;;1,46;0;0,21;1,3;;
ITS2_susy4pAB;ZR155C-S9;ZR155C;ZR_155C;3;;Osmia_bicornis;Osmia;NA;Alb;AEG05;reed_pollen;2021;reed_pollen;susi_ale;;;1,46;0;0,21;1,3;;
ITS2_susy4pAB;ZR156A-S11;ZR156A;ZR_156A;3;;Osmia_bicornis;Osmia;NA;Alb;AEG05;reed_pollen;2021;reed_pollen;susi_ale;;;1,46;0;0,21;1,3;;
ITS2_susy4pAB;ZR156B-S12;ZR156B;ZR_156B;2;;Osmia_bicornis;Osmia;NA;Alb;AEG05;reed_pollen;2021;reed_pollen;susi_ale;;;1,46;0;0,21;1,3;;
ITS2_susy4pAB;ZR156C-S13;ZR156C;ZR_156C;3;;Osmia_bicornis;Osmia;NA;Alb;AEG05;reed_pollen;2021;reed_pollen;susi_ale;;;1,46;0;0,21;1,3;;
ITS2_susy4pAB;ZR157A-S252;ZR157A;ZR_157A;2;;Osmia_bicornis;Osmia;NA;Alb;AEG05;reed_pollen;2021;reed_pollen;susi_ale;;;1,46;0;0,21;1,3;;
ITS2_susy4pAB;ZR157B-S15;ZR157B;ZR_157B;3;;Osmia_bicornis;Osmia;NA;Alb;AEG05;reed_pollen;2021;reed_pollen;susi_ale;;;1,46;0;0,21;1,3;;
ITS2_susy4pAB;ZR158-S16;ZR158;ZR_158;3;;Osmia_bicornis;Osmia;NA;Alb;AEG05;reed_pollen;2021;reed_pollen;susi_ale;;;1,46;0;0,21;1,3;;
ITS2_susy4pAB;ZR159A-S17;ZR159A;ZR_159A;3;;Osmia_bicornis;Osmia;NA;Alb;AEG05;reed_pollen;2021;reed_pollen;susi_ale;;;1,46;0;0,21;1,3;;
ITS2_susy4pAB;ZR159C-S268;ZR159C;ZR_159C;3;;Osmia_bicornis;Osmia;NA;Alb;AEG05;reed_pollen;2021;reed_pollen;susi_ale;;;1,46;0;0,21;1,3;;
ITS2_susy4pAB;ZR160A-S20;ZR160A;ZR_160A;3;;Osmia_caerulescens;Osmia;NA;Alb;AEG05;reed_pollen;2021;reed_pollen;susi_ale;;;1,46;0;0,21;1,3;;
ITS2_susy4pAB;ZR160B-S23;ZR160B;ZR_160B;3;;Osmia_caerulescens;Osmia;NA;Alb;AEG05;reed_pollen;2021;reed_pollen;susi_ale;;;1,46;0;0,21;1,3;;
ITS2_susy4pAB;ZR160C-S21;ZR160C;ZR_160C;3;;Osmia_caerulescens;Osmia;NA;Alb;AEG05;reed_pollen;2021;reed_pollen;susi_ale;;;1,46;0;0,21;1,3;;
ITS2_susy4pAB;ZR160D-S22;ZR160D;ZR_160D;4;;Osmia_caerulescens;Osmia;NA;Alb;AEG05;reed_pollen;2021;reed_pollen;susi_ale;;;1,46;0;0,21;1,3;;
ITS2_susy4pAB;ZR161-S24;ZR161;ZR_161;2;;NA;NA;NA;Alb;AEG05;reed_pollen;2021;reed_pollen;susi_ale;;;1,46;0;0,21;1,3;;
ITS2_susy4pAB;ZR162A-S25;ZR162A;ZR_162A;3;;Osmia_bicornis;Osmia;NA;Alb;AEG05;reed_pollen;2021;reed_pollen;susi_ale;;;1,46;0;0,21;1,3;;
ITS2_susy4pAB;ZR162B-S26;ZR162B;ZR_162B;3;;Osmia_bicornis;Osmia;NA;Alb;AEG05;reed_pollen;2021;reed_pollen;susi_ale;;;1,46;0;0,21;1,3;;
ITS2_susy4pAB;ZR162C-S253;ZR162C;ZR_162C;3;;Osmia_bicornis;Osmia;NA;Alb;AEG05;reed_pollen;2021;reed_pollen;susi_ale;;;1,46;0;0,21;1,3;;
ITS2_susy4pAB;ZR163A-S28;ZR163A;ZR_163A;2;;Osmia_bicornis;Osmia;NA;Alb;AEG05;reed_pollen;2021;reed_pollen;susi_ale;;;1,46;0;0,21;1,3;;
ITS2_susy4pAB;ZR163B-S29;ZR163B;ZR_163B;2;;Osmia_bicornis;Osmia;NA;Alb;AEG05;reed_pollen;2021;reed_pollen;susi_ale;;;1,46;0;0,21;1,3;;
ITS2_susy4pAB;ZR164-S267;ZR164;ZR_164;2;;Osmia_bicornis;Osmia;NA;Alb;AEG05;reed_pollen;2021;reed_pollen;susi_ale;;;1,46;0;0,21;1,3;;
ITS2_susy4pAB;ZR165-S31;ZR165;ZR_165;3;;Osmia_bicornis;Osmia;NA;Alb;AEG05;reed_pollen;2021;reed_pollen;susi_ale;;;1,46;0;0,21;1,3;;
ITS2_susy4pAB;ZR166-S32;ZR166;ZR_166;2;;Osmia_bicornis;Osmia;NA;Alb;AEG05;reed_pollen;2021;reed_pollen;susi_ale;;;1,46;0;0,21;1,3;;
ITS2_susy4pAB;ZR159B-S18;ZR159B;ZR_159B;3;;Osmia_bicornis;Osmia;NA;Alb ;AEG05;reed_pollen;2021;reed_pollen;susi_ale;;;1,46;0;0,21;1,3;;
ITS2_susy4pAB;Bi-P1718003;Bi-P1718003;Bi-P1718003;NA;;Megachile rotundata;Megachile;NA;Alb;AEG06;reed_pollen;2017;reed_pollen;birte;;;2,21;0,93;1,22;2,09;;
ITS2_susy4pAB;Bi-P1718004;Bi-P1718004;Bi-P1718004;NA;;Osmia leaiana;Osmia;NA;Alb;AEG06;reed_pollen;2017;reed_pollen;birte;;;2,21;0,93;1,22;2,09;;
ITS2_susy4pAB;Bi-P1718010;Bi-P1718010;Bi-P1718010;NA;;Heriades truncorum;Heriades;NA;Alb;AEG06;reed_pollen;2017;reed_pollen;birte;;;2,21;0,93;1,22;2,09;;
ITS2_susy4pAB;Bi-P1718013;Bi-P1718013;Bi-P1718013;NA;;Megachile rotundata;Megachile;NA;Alb;AEG06;reed_pollen;2017;reed_pollen;birte;;;2,21;0,93;1,22;2,09;;
ITS2_susy4pAB;Bi-P1718014;Bi-P1718014;Bi-P1718014;NA;;Heriades truncorum;Heriades;NA;Alb;AEG06;reed_pollen;2017;reed_pollen;birte;;;2,21;0,93;1,22;2,09;;
ITS2_susy4pAB;Bi-P1718047;Bi-P1718047;Bi-P1718047;NA;;Osmia bicornis;Osmia;NA;Alb;AEG06;reed_pollen;2017;reed_pollen;birte;;;2,21;0,93;1,22;2,09;;
ITS2_susy4pAB;Bi-P1718079;Bi-P1718079;Bi-P1718079;NA;;Chelostoma florisomne;Chelostoma;NA;Alb;AEG06;reed_pollen;2017;reed_pollen;birte;;;2,21;0,93;1,22;2,09;;
ITS2_susy4pAB;Bi-P1718083;Bi-P1718083;Bi-P1718083;NA;;Osmia leaiana;Osmia;NA;Alb;AEG06;reed_pollen;2017;reed_pollen;birte;;;2,21;0,93;1,22;2,09;;
ITS2_susy4pAB;Bi-P1718084;Bi-P1718084;Bi-P1718084;NA;;Megachile rotundata;Megachile;NA;Alb;AEG06;reed_pollen;2017;reed_pollen;birte;;;2,21;0,93;1,22;2,09;;
ITS2_susy4pAB;Bi-P1718006;Bi-P1718006;Bi-P1718006;NA;;Heriades truncorum;Heriades;NA;Alb;AEG09;reed_pollen;2017;reed_pollen;birte;;;1,09;0;0;1,04;;
ITS2_susy4pAB;Bi-P1718012;Bi-P1718012;Bi-P1718012;NA;;Heriades truncorum;Heriades;NA;Alb;AEG09;reed_pollen;2017;reed_pollen;birte;;;1,09;0;0;1,04;;
ITS2_susy4pAB;Bi-P1718015;Bi-P1718015;Bi-P1718015;NA;;Heriades truncorum;Heriades;NA;Alb;AEG09;reed_pollen;2017;reed_pollen;birte;;;1,09;0;0;1,04;;
ITS2_susy4pAB;Bi-P1718017;Bi-P1718017;Bi-P1718017;NA;;Osmia bicornis;Osmia;NA;Alb;AEG09;reed_pollen;2017;reed_pollen;birte;;;1,09;0;0;1,04;;
ITS2_susy4pAB;Bi-P1718024;Bi-P1718024;Bi-P1718024;NA;;Osmia bicornis;Osmia;NA;Alb;AEG09;reed_pollen;2017;reed_pollen;birte;;;1,09;0;0;1,04;;
ITS2_susy4pAB;Bi-P1718034;Bi-P1718034;Bi-P1718034;NA;;Osmia bicornis;Osmia;NA;Alb;AEG09;reed_pollen;2017;reed_pollen;birte;;;1,09;0;0;1,04;;
ITS2_susy4pAB;Bi-P1718085;Bi-P1718085;Bi-P1718085;NA;;Osmia bicornis;Osmia;NA;Alb;AEG09;reed_pollen;2017;reed_pollen;birte;;;1,09;0;0;1,04;;
ITS2_susy4pAB;Bi-P1718086;Bi-P1718086;Bi-P1718086;NA;;Megachile rotundata;Megachile;NA;Alb;AEG09;reed_pollen;2017;reed_pollen;birte;;;1,09;0;0;1,04;;
ITS2_susy4pAB;Bi-P1718087;Bi-P1718087;Bi-P1718087;NA;;Osmia leaiana;Osmia;NA;Alb;AEG09;reed_pollen;2017;reed_pollen;birte;;;1,09;0;0;1,04;;
ITS2_susy4pAB;Bi-P1718088;Bi-P1718088;Bi-P1718088;NA;;Megachile rotundata;Megachile;NA;Alb;AEG09;reed_pollen;2017;reed_pollen;birte;;;1,09;0;0;1,04;;
ITS2_susy4pAB;Bi-P1718119;Bi-P1718119;Bi-P1718119;NA;;Chelostoma florisomne;Chelostoma;NA;Alb;AEG09;reed_pollen;2017;reed_pollen;birte;;;1,09;0;0;1,04;;
ITS2_susy4pAB;ZR-65A-S105;ZR-65A;ZR_065A;4;;Osmia_caerulescens;Osmia;NA;Alb;AEG09;reed_pollen;2020;reed_pollen;susi_ale;;;0,63;0;0;0,8;;
ITS2_susy4pAB;ZR-65B-S106;ZR-65B;ZR_065B;2;;Osmia_caerulescens;Osmia;NA;Alb;AEG09;reed_pollen;2020;reed_pollen;susi_ale;;;0,63;0;0;0,8;;
ITS2_susy4pAB;Bi-P1718044;Bi-P1718044;Bi-P1718044;NA;;Osmia bicornis;Osmia;NA;Hainich;HEG01;reed_pollen;2017;reed_pollen;birte;;;1,01;1,85;7,69;3,25;;
ITS2_susy4pAB;Bi-P1718146;Bi-P1718146;Bi-P1718146;NA;;Osmia bicornis;Osmia;NA;Hainich;HEG01;reed_pollen;2018;reed_pollen;birte;;;0;1,91;10,18;3,48;;
ITS2_susy4pAB;ZR151-S382;ZR151;ZR_151;2;;Osmia_bicornis;Osmia;NA;Hainich;HEG01;reed_pollen;2021;reed_pollen;susi_ale;;;0,69;2,13;9,47;3,51;;
ITS2_susy4pAB;ZR152A-S383;ZR152A;ZR_152A;3;;Osmia_bicornis;Osmia;NA;Hainich;HEG01;reed_pollen;2021;reed_pollen;susi_ale;;;0,69;2,13;9,47;3,51;;
ITS2_susy4pAB;ZR152B-S384;ZR152B;ZR_152B;2;;Osmia_bicornis;Osmia;NA;Hainich;HEG01;reed_pollen;2021;reed_pollen;susi_ale;;;0,69;2,13;9,47;3,51;;
ITS2_susy4pAB;ZR152C-S251;ZR152C;ZR_152C;3;;Osmia_bicornis;Osmia;NA;Hainich;HEG01;reed_pollen;2021;reed_pollen;susi_ale;;;0,69;2,13;9,47;3,51;;
ITS2_susy4pAB;Bi-P1718052;Bi-P1718052;Bi-P1718052;NA;;Osmia bicornis;Osmia;NA;Hainich;HEG02;reed_pollen;2017;reed_pollen;birte;;;0;1,85;3,97;2,41;;
ITS2_susy4pAB;Bi-P1718054;Bi-P1718054;Bi-P1718054;NA;;Osmia bicornis;Osmia;NA;Hainich;HEG02;reed_pollen;2017;reed_pollen;birte;;;0;1,85;3,97;2,41;;
ITS2_susy4pAB;ZR-1A-S194;ZR-1A;ZR_001A;4;;Megachile_centuncularis;Megachile;NA;Hainich;HEG02;reed_pollen;2020;reed_pollen;susi_ale;;;0,28;1,1;0;1,18;;
ITS2_susy4pAB;ZR-1B-S2;ZR-1B;ZR_001B;4;;Megachile_centuncularis;Megachile;NA;Hainich;HEG02;reed_pollen;2020;reed_pollen;susi_ale;;;0,28;1,1;0;1,18;;
ITS2_susy4pAB;ZR135A-S343;ZR135A;ZR_135A;3;;Osmia_bicornis;Osmia;NA;Hainich;HEG02;reed_pollen;2021;reed_pollen;susi_ale;;;0,33;1,06;3,86;2,29;;
ITS2_susy4pAB;ZR135B-S344;ZR135B;ZR_135B;3;;Osmia_bicornis;Osmia;NA;Hainich;HEG02;reed_pollen;2021;reed_pollen;susi_ale;;;0,33;1,06;3,86;2,29;;
ITS2_susy4pAB;ZR135C-S345;ZR135C;ZR_135C;4;;Osmia_bicornis;Osmia;NA;Hainich;HEG02;reed_pollen;2021;reed_pollen;susi_ale;;;0,33;1,06;3,86;2,29;;
ITS2_susy4pAB;ZR136A-S346;ZR136A;ZR_136A;2;;Osmia_bicornis;Osmia;NA;Hainich;HEG02;reed_pollen;2021;reed_pollen;susi_ale;;;0,33;1,06;3,86;2,29;;
ITS2_susy4pAB;ZR136B-S347;ZR136B;ZR_136B;2;;Osmia_bicornis;Osmia;NA;Hainich;HEG02;reed_pollen;2021;reed_pollen;susi_ale;;;0,33;1,06;3,86;2,29;;
ITS2_susy4pAB;ZR136C-S348;ZR136C;ZR_136C;3;;Osmia_bicornis;Osmia;NA;Hainich;HEG02;reed_pollen;2021;reed_pollen;susi_ale;;;0,33;1,06;3,86;2,29;;
ITS2_susy4pAB;ZR153A-S290;ZR153A;ZR_153A;3;;Osmia_bicornis;Osmia;NA;Hainich;HEG02;reed_pollen;2021;reed_pollen;susi_ale;;;0,33;1,06;3,86;2,29;;
ITS2_susy4pAB;ZR153B-S4;ZR153B;ZR_153B;4;;Osmia_bicornis;Osmia;NA;Hainich;HEG02;reed_pollen;2021;reed_pollen;susi_ale;;;0,33;1,06;3,86;2,29;;
ITS2_susy4pAB;ZR153C-S291;ZR153C;ZR_153C;3;;Osmia_bicornis;Osmia;NA;Hainich;HEG02;reed_pollen;2021;reed_pollen;susi_ale;;;0,33;1,06;3,86;2,29;;
ITS2_susy4pAB;Bi-P1718051;Bi-P1718051;Bi-P1718051;NA;;Osmia bicornis;Osmia;NA;Hainich;HEG03;reed_pollen;2017;reed_pollen;birte;;;;;;;;
ITS2_susy4pAB;Bi-P1718053;Bi-P1718053;Bi-P1718053;NA;;Osmia bicornis;Osmia;NA;Hainich;HEG03;reed_pollen;2017;reed_pollen;birte;;;;;;;;
ITS2_susy4pAB;ZR310A-S164;ZR310A;ZR_310A;3;;Megachile_spc;Megachile;NA;Hainich;HEG03;reed_pollen;2021;reed_pollen;susi_ale;;;;;;;;
ITS2_susy4pAB;ZR310B-S166;ZR310B;ZR_310B;4;;Megachile_spc;Megachile;NA;Hainich;HEG03;reed_pollen;2021;reed_pollen;susi_ale;;;;;;;;
ITS2_susy4pAB;ZR310C-S165;ZR310C;ZR_310C;4;;Megachile_spc;Megachile;NA;Hainich;HEG03;reed_pollen;2021;reed_pollen;susi_ale;;;;;;;;
ITS2_susy4pAB;Bi-P1718041;Bi-P1718041;Bi-P1718041;NA;;Osmia bicornis;Osmia;NA;Hainich;HEG05;reed_pollen;2017;reed_pollen;birte;;;;;;;;
ITS2_susy4pAB;Bi-P1718042;Bi-P1718042;Bi-P1718042;NA;;Osmia bicornis;Osmia;NA;Hainich;HEG05;reed_pollen;2017;reed_pollen;birte;;;;;;;;
ITS2_susy4pAB;Bi-P1718048;Bi-P1718048;Bi-P1718048;NA;;Osmia bicornis;Osmia;NA;Hainich;HEG05;reed_pollen;2017;reed_pollen;birte;;;;;;;;
ITS2_susy4pAB;Bi-P1718111;Bi-P1718111;Bi-P1718111;NA;;Osmia caerulescens;Osmia;NA;Hainich;HEG05;reed_pollen;2017;reed_pollen;birte;;;;;;;;
ITS2_susy4pAB;Bi-P1718112;Bi-P1718112;Bi-P1718112;NA;;Osmia caerulescens;Osmia;NA;Hainich;HEG05;reed_pollen;2017;reed_pollen;birte;;;;;;;;
ITS2_susy4pAB;Bi-P1718113;Bi-P1718113;Bi-P1718113;NA;;Osmia caerulescens;Osmia;NA;Hainich;HEG05;reed_pollen;2017;reed_pollen;birte;;;;;;;;
ITS2_susy4pAB;Bi-P1718134;Bi-P1718134;Bi-P1718134;NA;;Osmia bicornis;Osmia;NA;Hainich;HEG05;reed_pollen;2018;reed_pollen;birte;;;;;;;;
ITS2_susy4pAB;Bi-P1718135;Bi-P1718135;Bi-P1718135;NA;;Osmia bicornis;Osmia;NA;Hainich;HEG05;reed_pollen;2018;reed_pollen;birte;;;;;;;;
ITS2_susy4pAB;Bi-P1718045;Bi-P1718045;Bi-P1718045;NA;;Osmia bicornis;Osmia;NA;Hainich;HEG06;reed_pollen;2017;reed_pollen;birte;;;;;;;;
ITS2_susy4pAB;Bi-P1718046;Bi-P1718046;Bi-P1718046;NA;;Osmia bicornis;Osmia;NA;Hainich;HEG06;reed_pollen;2017;reed_pollen;birte;;;;;;;;
ITS2_susy4pAB;Bi-P1718101;Bi-P1718101;Bi-P1718101;NA;;Osmia bicornis;Osmia;NA;Hainich;HEG06;reed_pollen;2017;reed_pollen;birte;;;;;;;;
ITS2_susy4pAB;ZR137A-S349;ZR137A;ZR_137A;3;;Osmia_bicornis;Osmia;NA;Hainich;HEG06;reed_pollen;2021;reed_pollen;susi_ale;;;;;;;;
ITS2_susy4pAB;ZR137B-S350;ZR137B;ZR_137B;3;;Osmia_bicornis;Osmia;NA;Hainich;HEG06;reed_pollen;2021;reed_pollen;susi_ale;;;;;;;;
ITS2_susy4pAB;ZR137C-S243;ZR137C;ZR_137C;4;;Osmia_bicornis;Osmia;NA;Hainich;HEG06;reed_pollen;2021;reed_pollen;susi_ale;;;;;;;;
ITS2_susy4pAB;ZR138A-S352;ZR138A;ZR_138A;3;;Osmia_bicornis;Osmia;NA;Hainich;HEG06;reed_pollen;2021;reed_pollen;susi_ale;;;;;;;;
ITS2_susy4pAB;ZR138B-S353;ZR138B;ZR_138B;3;;Osmia_bicornis;Osmia;NA;Hainich;HEG06;reed_pollen;2021;reed_pollen;susi_ale;;;;;;;;
ITS2_susy4pAB;ZR138C-S238;ZR138C;ZR_138C;3;;Osmia_bicornis;Osmia;NA;Hainich;HEG06;reed_pollen;2021;reed_pollen;susi_ale;;;;;;;;
ITS2_susy4pAB;ZR316A-S182;ZR316A;ZR_316A;2;;Osmia_bicornis;Osmia;NA;Hainich;HEG06;reed_pollen;2021;reed_pollen;susi_ale;;;;;;;;
ITS2_susy4pAB;ZR316B-S167;ZR316B;ZR_316B;2;;Osmia_bicornis;Osmia;NA;Hainich;HEG06;reed_pollen;2021;reed_pollen;susi_ale;;;;;;;;
ITS2_susy4pAB;Bi-P1718049;Bi-P1718049;Bi-P1718049;NA;;Osmia bicornis;Osmia;NA;Hainich;HEG07;reed_pollen;2017;reed_pollen;birte;;;;;;;;
ITS2_susy4pAB;Bi-P1718050;Bi-P1718050;Bi-P1718050;NA;;Osmia bicornis;Osmia;NA;Hainich;HEG07;reed_pollen;2017;reed_pollen;birte;;;;;;;;
ITS2_susy4pAB;Bi-P1718055;Bi-P1718055;Bi-P1718055;NA;;Osmia bicornis;Osmia;NA;Hainich;HEG07;reed_pollen;2017;reed_pollen;birte;;;;;;;;
ITS2_susy4pAB;Bi-P1718056;Bi-P1718056;Bi-P1718056;NA;;Osmia bicornis;Osmia;NA;Hainich;HEG07;reed_pollen;2017;reed_pollen;birte;;;;;;;;
ITS2_susy4pAB;Bi-P1718117;Bi-P1718117;Bi-P1718117;NA;;Osmia caerulescens;Osmia;NA;Hainich;HEG07;reed_pollen;2017;reed_pollen;birte;;;;;;;;
ITS2_susy4pAB;ZR-5-S6;ZR-5;ZR_005;2;;NA;NA;NA;Hainich;HEG07;reed_pollen;2020;reed_pollen;susi_ale;;;;;;;;
ITS2_susy4pAB;ZR-6-S7;ZR-6;ZR_006;3;;Osmia_bicornis;Osmia;NA;Hainich;HEG07;reed_pollen;2020;reed_pollen;susi_ale;;;;;;;;
ITS2_susy4pAB;B12-1H-S268;B12-1H;H12_RB1;NA;;Ranunculus_bulbosus;Ranunculus;NA;Hainich;HEG12;stigma;24.05.2022;stigma;anna;tube;high;8,5;0;1,32;3,13;;
ITS2_susy4pAB;B12-2H-S269;B12-2H;H12_RB2;NA;;Ranunculus_bulbosus;Ranunculus;NA;Hainich;HEG12;stigma;24.05.2022;stigma;anna;tube;high;8,5;0;1,32;3,13;;
ITS2_susy4pAB;B12-3H-S270;B12-3H;H12_RB3;NA;;Ranunculus_bulbosus;Ranunculus;NA;Hainich;HEG12;stigma;24.05.2022;stigma;anna;tube;high;8,5;0;1,32;3,13;;
ITS2_susy4pAB;ZR-7-S212;ZR-7;ZR_007;4;;Osmia_bicornis;Osmia;NA;Hainich;HEG07;reed_pollen;2020;reed_pollen;susi_ale;;;;;;;;
ITS2_susy4pAB;ZR-68A-S214;ZR-68A;ZR_068A;4;;Osmia_bicornis;Osmia;NA;Hainich;HEG07;reed_pollen;2020;reed_pollen;susi_ale;;;;;;;;
ITS2_susy4pAB;R12-1H-S336;R12-1H;H12_RR1;NA;;Ranunculus_repens;Ranunculus;NA;Hainich;HEG12;stigma;24.05.2022;stigma;anna;tube;high;8,5;0;1,32;3,13;;
ITS2_susy4pAB;R12-2H-S272;R12-2H;H12_RR2;NA;;Ranunculus_repens;Ranunculus;NA;Hainich;HEG12;stigma;24.05.2022;stigma;anna;tube;high;8,5;0;1,32;3,13;;
ITS2_susy4pAB;R12-3H-S273;R12-3H;H12_RR3;NA;;Ranunculus_repens;Ranunculus;NA;Hainich;HEG12;stigma;24.05.2022;stigma;anna;tube;high;8,5;0;1,32;3,13;;
ITS2_susy4pAB;ZR-68B-S111;ZR-68B;ZR_068B;1;;Osmia_bicornis;Osmia;NA;Hainich;HEG07;reed_pollen;2020;reed_pollen;susi_ale;;;;;;;;
ITS2_susy4pAB;ZR-69A-S112;ZR-69A;ZR_069A;4;;Osmia_bicornis;Osmia;NA;Hainich;HEG07;reed_pollen;2020;reed_pollen;susi_ale;;;;;;;;
ITS2_susy4pAB;ZR-69B-S113;ZR-69B;ZR_069B;1;;Osmia_bicornis;Osmia;NA;Hainich;HEG07;reed_pollen;2020;reed_pollen;susi_ale;;;;;;;;
ITS2_susy4pAB;ZR-70A-S114;ZR-70A;ZR_070A;4;;Osmia_bicornis;Osmia;NA;Hainich;HEG07;reed_pollen;2020;reed_pollen;susi_ale;;;;;;;;
ITS2_susy4pAB;A17-1H-S274;A17-1H;H17_RA1;NA;;Ranunculus_acris;Ranunculus;NA;Hainich;HEG17;stigma;25.05.2022;stigma;anna;tube;low;0,53;0;0;0,73;;
ITS2_susy4pAB;A17-2H-S275;A17-2H;H17_RA2;NA;;Ranunculus_acris;Ranunculus;NA;Hainich;HEG17;stigma;25.05.2022;stigma;anna;tube;low;0,53;0;0;0,73;;
ITS2_susy4pAB;A17-3H-S276;A17-3H;H17_RA3;NA;;Ranunculus_acris;Ranunculus;NA;Hainich;HEG17;stigma;25.05.2022;stigma;anna;tube;low;0,53;0;0;0,73;;
ITS2_susy4pAB;B17-1H-S330;B17-1H;H17_RB1;NA;;Ranunculus_bulbosus;Ranunculus;NA;Hainich;HEG17;stigma;25.05.2022;stigma;anna;tube;low;0,53;0;0;0,73;;
ITS2_susy4pAB;ZR-70B-S229;ZR-70B;ZR_070B;1;;Osmia_bicornis;Osmia;NA;Hainich;HEG07;reed_pollen;2020;reed_pollen;susi_ale;;;;;;;;
ITS2_susy4pAB;ZR-71-S116;ZR-71;ZR_071;2;;Osmia_bicornis;Osmia;NA;Hainich;HEG07;reed_pollen;2020;reed_pollen;susi_ale;;;;;;;;
ITS2_susy4pAB;ZR-72A-S117;ZR-72A;ZR_072A;4;;Osmia_bicornis;Osmia;NA;Hainich;HEG07;reed_pollen;2020;reed_pollen;susi_ale;;;;;;;;
ITS2_susy4pAB;ZR-72B-S118;ZR-72B;ZR_072B;4;;Osmia_bicornis;Osmia;NA;Hainich;HEG07;reed_pollen;2020;reed_pollen;susi_ale;;;;;;;;
ITS2_susy4pAB;B17-2H-S278;B17-2H;H17_RB2;NA;;Ranunculus_bulbosus;Ranunculus;NA;Hainich;HEG17;stigma;25.05.2022;stigma;anna;tube;low;0,53;0;0;0,73;;
ITS2_susy4pAB;B17-3H-S279;B17-3H;H17_RB3;NA;;Ranunculus_bulbosus;Ranunculus;NA;Hainich;HEG17;stigma;25.05.2022;stigma;anna;tube;low;0,53;0;0;0,73;;
ITS2_susy4pAB;R17-1H-S280;R17-1H;H17_RR1;NA;;Ranunculus_repens;Ranunculus;NA;Hainich;HEG17;stigma;25.05.2022;stigma;anna;tube;low;0,53;0;0;0,73;;
ITS2_susy4pAB;A19-1H-S281;A19-1H;H19_RA1;NA;;Ranunculus_acris;Ranunculus;NA;Hainich;HEG19;stigma;25.05.2022;stigma;anna;tube;low;0,6;0;0;0,78;;
ITS2_susy4pAB;ZR-72C-S119;ZR-72C;ZR_072C;1;;Osmia_bicornis;Osmia;NA;Hainich;HEG07;reed_pollen;2020;reed_pollen;susi_ale;;;;;;;;
ITS2_susy4pAB;E03W-F6-S258;E03W-F6;E03W-F6;NA;;Control;Control;NA;;NA;neg_ext_con;NA;stigma;anna;NA;NA;;;;NA;NA;NA
ITS2_susy4pAB;ZR-73-S120;ZR-73;ZR_073;3;;NA;NA;NA;Hainich;HEG07;reed_pollen;2020;reed_pollen;susi_ale;;;;;;;;
ITS2_susy4pAB;ZR-74A-S121;ZR-74A;ZR_074A;4;;Osmia_bicornis;Osmia;NA;Hainich;HEG07;reed_pollen;2020;reed_pollen;susi_ale;;;;;;;;
ITS2_susy4pAB;ZR-74B-S122;ZR-74B;ZR_074B;3;;Osmia_bicornis;Osmia;NA;Hainich;HEG07;reed_pollen;2020;reed_pollen;susi_ale;;;;;;;;
ITS2_susy4pAB;ZR-75A-S215;ZR-75A;ZR_075A;4;;Osmia_bicornis;Osmia;NA;Hainich;HEG07;reed_pollen;2020;reed_pollen;susi_ale;;;;;;;;
ITS2_susy4pAB;E03W-E5-S245;E03W-E5;E03W-E5;NA;;Control;Control;NA;;NA;neg_ext_con;;stigma;anna;;;;;;;Run_01;E5
ITS2_susy4pAB;E03W-G7-S271;E03W-G7;E03W-G7;NA;;Control;Control;NA;;NA;neg_ext_con;;stigma;anna;;;;;;;Run_01;G7
ITS2_susy4pAB;ZR-75B-S124;ZR-75B;ZR_075B;2;;Osmia_bicornis;Osmia;NA;Hainich;HEG07;reed_pollen;2020;reed_pollen;susi_ale;;;;;;;;
ITS2_susy4pAB;ZR-80-S132;ZR-80;ZR_080;1;;Osmia_bicornis;Osmia;NA;Hainich;HEG07;reed_pollen;2020;reed_pollen;susi_ale;;;;;;;;
ITS2_susy4pAB;ZR-81-S133;ZR-81;ZR_081;4;;Osmia_bicornis;Osmia;NA;Hainich;HEG07;reed_pollen;2020;reed_pollen;susi_ale;;;;;;;;
ITS2_susy4pAB;ZR-82A-S134;ZR-82A;ZR_082A;4;;Osmia_bicornis;Osmia;NA;Hainich;HEG07;reed_pollen;2020;reed_pollen;susi_ale;;;;;;;;
ITS2_susy4pAB;ZR-82B-S135;ZR-82B;ZR_082B;3;;Osmia_bicornis;Osmia;NA;Hainich;HEG07;reed_pollen;2020;reed_pollen;susi_ale;;;;;;;;
ITS2_susy4pAB;E-V-NegC-S192;E-V-NegC;E-V-NegC;NA;;Control;Control;NA;;NA;neg_ext_con;;bee_leg_pollen;susi_ale;;;0,6;0;0;0,78;Run_01;V
ITS2_susy4pAB;E03W-H8-S284;E03W-H8;E03W-H8;NA;;Control;Control;NA;;NA;neg_ext_con;;stigma;susi_ale,anna;;;;;;;Run_01;H8
ITS2_susy4pAB;A19-2H-S282;A19-2H;H19_RA2;NA;;Ranunculus_acris;Ranunculus;NA;Hainich;HEG19;stigma;25.05.2022;stigma;anna;tube;low;0,6;0;0;0,78;;
ITS2_susy4pAB;A19-3H-S283;A19-3H;H19_RA3;NA;;Ranunculus_acris;Ranunculus;NA;Hainich;HEG19;stigma;25.05.2022;stigma;anna;tube;low;0,6;0;0;0,78;;
ITS2_susy4pAB;R19-1H-S337;R19-1H;H19_RR1;NA;;Ranunculus_repens;Ranunculus;NA;Hainich;HEG19;stigma;25.05.2022;stigma;anna;tube;low;0,6;0;0;0,78;;
ITS2_susy4pAB;R19-2H-S285;R19-2H;H19_RR2;NA;;Ranunculus_repens;Ranunculus;NA;Hainich;HEG19;stigma;25.05.2022;stigma;anna;tube;low;0,6;0;0;0,78;;
ITS2_susy4pAB;R19-3H-S286;R19-3H;H19_RR3;NA;;Ranunculus_repens;Ranunculus;NA;Hainich;HEG19;stigma;25.05.2022;stigma;anna;tube;low;0,6;0;0;0,78;;
ITS2_susy4pAB;B2-1H-S185;B2-1H;H2_RB1;NA;;Ranunculus_bulbosus;Ranunculus;NA;Hainich;HEG02;stigma;23.05.2022;stigma;anna;tube;high;0,42;1,61;3,37;2,32;;
ITS2_susy4pAB;B2-2H-S186;B2-2H;H2_RB2;NA;;Ranunculus_bulbosus;Ranunculus;NA;Hainich;HEG02;stigma;23.05.2022;stigma;anna;tube;high;0,42;1,61;3,37;2,32;;
ITS2_susy4pAB;B2-3H-S187;B2-3H;H2_RB3;NA;;Ranunculus_bulbosus;Ranunculus;NA;Hainich;HEG02;stigma;23.05.2022;stigma;anna;tube;high;0,42;1,61;3,37;2,32;;
ITS2_susy4pAB;A3-2H-S189;A3-2H;H3_RA2;NA;;Ranunculus_acris;Ranunculus;NA;Hainich;HEG03;stigma;23.05.2022;stigma;anna;tube;int;0,42;1,61;1,91;1,99;;
ITS2_susy4pAB;A3-3H-S190;A3-3H;H3_RA3;NA;;Ranunculus_acris;Ranunculus;NA;Hainich;HEG03;stigma;23.05.2022;stigma;anna;tube;int;0,42;1,61;1,91;1,99;;
ITS2_susy4pAB;B3-1H-S191;B3-1H;H3_RB1;NA;;Ranunculus_bulbosus;Ranunculus;NA;Hainich;HEG03;stigma;23.05.2022;stigma;anna;tube;int;0,42;1,61;1,91;1,99;;
ITS2_susy4pAB;B3-2H-S192;B3-2H;H3_RB2;NA;;Ranunculus_bulbosus;Ranunculus;NA;Hainich;HEG03;stigma;23.05.2022;stigma;anna;tube;int;0,42;1,61;1,91;1,99;;
ITS2_susy4pAB;A3-1H-S221;A3-1H;H3_RR1;NA;;Ranunculus_repens;Ranunculus;NA;Hainich;HEG03;stigma;23.05.2022;stigma;anna;tube;int;0,42;1,61;1,91;1,99;;
ITS2_susy4pAB;A4-2H-S334;A4-5H;H4_RA5;NA;;Ranunculus_repens;Ranunculus;NA;Hainich;HEG04;stigma;23.05.2022;stigma;anna;tube;int;0;1,61;2,14;1,94;;
ITS2_susy4pAB;A4-1H-S333;A4-4H;H4_RA4;NA;;Ranunculus_repens;Ranunculus;NA;Hainich;HEG04;stigma;23.05.2022;stigma;anna;tube;int;0;1,61;2,14;1,94;;
ITS2_susy4pAB;A4-3H-S246;A4-3H;H4_RA3;NA;;Ranunculus_acris;Ranunculus;NA;Hainich;HEG04;stigma;23.05.2022;stigma;anna;tube;int;0;1,61;2,14;1,94;;
ITS2_susy4pAB;R4-1H-S241;R4-1H;H4_RR1;NA;;Ranunculus_repens;Ranunculus;NA;Hainich;HEG04;stigma;23.05.2022;stigma;anna;tube;int;0;1,61;2,14;1,94;;
ITS2_susy4pAB;R4-2H-S242;R4-2H;H4_RR2;NA;;Ranunculus_repens;Ranunculus;NA;Hainich;HEG04;stigma;23.05.2022;stigma;anna;tube;int;0;1,61;2,14;1,94;;
ITS2_susy4pAB;R4-3H-S243;R4-3H;H4_RR3;NA;;Ranunculus_repens;Ranunculus;NA;Hainich;HEG04;stigma;23.05.2022;stigma;anna;tube;int;0;1,61;2,14;1,94;;
ITS2_susy4pAB;A42-1H-S287;A42-1H;H42_RA1;NA;;Ranunculus_acris;Ranunculus;NA;Hainich;HEG42;stigma;25.05.2022;stigma;anna;tube;low;0,24;0;0;0,49;;
ITS2_susy4pAB;A42-2H-S288;A42-2H;H42_RA2;NA;;Ranunculus_acris;Ranunculus;NA;Hainich;HEG42;stigma;25.05.2022;stigma;anna;tube;low;0,24;0;0;0,49;;
ITS2_susy4pAB;A42-3H-S338;A42-3H;H42_RA3;NA;;Ranunculus_acris;Ranunculus;NA;Hainich;HEG42;stigma;25.05.2022;stigma;anna;tube;low;0,24;0;0;0,49;;
ITS2_susy4pAB;B42-1H-S290;B42-1H;H42_RB1;NA;;Ranunculus_bulbosus;Ranunculus;NA;Hainich;HEG42;stigma;25.05.2022;stigma;anna;tube;low;0,24;0;0;0,49;;
ITS2_susy4pAB;B42-2H-S291;B42-2H;H42_RB2;NA;;Ranunculus_bulbosus;Ranunculus;NA;Hainich;HEG42;stigma;25.05.2022;stigma;anna;tube;low;0,24;0;0;0,49;;
ITS2_susy4pAB;B42-3H-S292;B42-3H;H42_RB3;NA;;Ranunculus_bulbosus;Ranunculus;NA;Hainich;HEG42;stigma;25.05.2022;stigma;anna;tube;low;0,24;0;0;0,49;;
ITS2_susy4pAB;A5-1H-S250;A5-1H;H5_RA1;NA;;Ranunculus_acris;Ranunculus;NA;Hainich;HEG05;stigma;24.05.2022;stigma;anna;tube;high;0;2,42;1,74;2,04;;
ITS2_susy4pAB;A5-2H-S251;A5-2H;H5_RA2;NA;;Ranunculus_acris;Ranunculus;NA;Hainich;HEG05;stigma;24.05.2022;stigma;anna;tube;high;0;2,42;1,74;2,04;;
ITS2_susy4pAB;A5-3H-S252;A5-3H;H5_RA3;NA;;Ranunculus_acris;Ranunculus;NA;Hainich;HEG05;stigma;24.05.2022;stigma;anna;tube;high;0;2,42;1,74;2,04;;
ITS2_susy4pAB;R5-1H-S247;R5-1H;H5_RR1;NA;;Ranunculus_repens;Ranunculus;NA;Hainich;HEG05;stigma;24.05.2022;stigma;anna;tube;high;0;2,42;1,74;2,04;;
ITS2_susy4pAB;R5-2H-S248;R5-2H;H5_RR2;NA;;Ranunculus_repens;Ranunculus;NA;Hainich;HEG05;stigma;24.05.2022;stigma;anna;tube;high;0;2,42;1,74;2,04;;
ITS2_susy4pAB;R5-3H-S249;R5-3H;H5_RR3;NA;;Ranunculus_repens;Ranunculus;NA;Hainich;HEG05;stigma;24.05.2022;stigma;anna;tube;high;0;2,42;1,74;2,04;;
ITS2_susy4pAB;A6-1H-S256;A6-1H;H6_RA1;NA;;Ranunculus_acris;Ranunculus;NA;Hainich;HEG06;stigma;25.05.2022;stigma;anna;tube;int;0,1;1,61;1,32;1,74;;
ITS2_susy4pAB;A6-2H-S257;A6-2H;H6_RA2;NA;;Ranunculus_acris;Ranunculus;NA;Hainich;HEG06;stigma;25.05.2022;stigma;anna;tube;int;0,1;1,61;1,32;1,74;;
ITS2_susy4pAB;A6-3H-S335;A6-3H;H6_RA3;NA;;Ranunculus_acris;Ranunculus;NA;Hainich;HEG06;stigma;25.05.2022;stigma;anna;tube;int;0,1;1,61;1,32;1,74;;
ITS2_susy4pAB;R6-1H-S253;R6-1H;H6_RR1;NA;;Ranunculus_repens;Ranunculus;NA;Hainich;HEG06;stigma;25.05.2022;stigma;anna;tube;int;0,1;1,61;1,32;1,74;;
ITS2_susy4pAB;R6-2H-S254;R6-2H;H6_RR2;NA;;Ranunculus_repens;Ranunculus;NA;Hainich;HEG06;stigma;25.05.2022;stigma;anna;tube;int;0,1;1,61;1,32;1,74;;
ITS2_susy4pAB;R6-3H-S332;R6-3H;H6_RR3;NA;;Ranunculus_repens;Ranunculus;NA;Hainich;HEG06;stigma;25.05.2022;stigma;anna;tube;int;0,1;1,61;1,32;1,74;;
ITS2_susy4pAB;B7-1H-S259;B7-1H;H7_RB1;NA;;Ranunculus_bulbosus;Ranunculus;NA;Hainich;HEG07;stigma;24.05.2022;stigma;anna;tube;high;14,84;0;0;3,85;;
ITS2_susy4pAB;B7-2H-S260;B7-2H;H7_RB2;NA;;Ranunculus_bulbosus;Ranunculus;NA;Hainich;HEG07;stigma;24.05.2022;stigma;anna;tube;high;14,84;0;0;3,85;;
ITS2_susy4pAB;B7-3H-S261;B7-3H;H7_RB3;NA;;Ranunculus_bulbosus;Ranunculus;NA;Hainich;HEG07;stigma;24.05.2022;stigma;anna;tube;high;14,84;0;0;3,85;;
ITS2_susy4pAB;B8-1H-S265;B8-1H;H8_RB1;NA;;Ranunculus_bulbosus;Ranunculus;NA;Hainich;HEG08;stigma;24.05.2022;stigma;anna;tube;high;14,84;0;0;3,85;;
ITS2_susy4pAB;B8-2H-S331;B8-2H;H8_RB2;NA;;Ranunculus_bulbosus;Ranunculus;NA;Hainich;HEG08;stigma;24.05.2022;stigma;anna;tube;high;14,84;0;0;3,85;;
ITS2_susy4pAB;B8-3H-S267;B8-3H;H8_RB3;NA;;Ranunculus_bulbosus;Ranunculus;NA;Hainich;HEG08;stigma;24.05.2022;stigma;anna;tube;high;14,84;0;0;3,85;;
ITS2_susy4pAB;R8-1H-S262;R8-1H;H8_RR1;NA;;Ranunculus_repens;Ranunculus;NA;Hainich;HEG08;stigma;24.05.2022;stigma;anna;tube;high;14,84;0;0;3,85;;
ITS2_susy4pAB;R8-2H-S263;R8-2H;H8_RR2;NA;;Ranunculus_repens;Ranunculus;NA;Hainich;HEG08;stigma;24.05.2022;stigma;anna;tube;high;14,84;0;0;3,85;;
ITS2_susy4pAB;R8-3H-S264;R8-3H;H8_RR3;NA;;Ranunculus_repens;Ranunculus;NA;Hainich;HEG08;stigma;24.05.2022;stigma;anna;tube;high;14,84;0;0;3,85;;
ITS2_susy4pAB;E02WP-E5-S149;E02WP-E5;E02WP-E5;NA;;Control;Control;NA;;NA;neg_pcr_con;;stigma;susi_ale,anna;;;;;;;Run_01;E5
ITS2_susy4pAB;E02WP-F6-S162;E02WP-F6;E02WP-F6;NA;;Control;Control;NA;;NA;neg_pcr_con;;stigma;susi_ale,anna;;;;;;;Run_01;F6
ITS2_susy4pAB;E02WP-G7-S175;E02WP-G7;E02WP-G7;NA;;Control;Control;NA;;NA;neg_pcr_con;;stigma;susi_ale,anna;;;;;;;Run_01;G7
ITS2_susy4pAB;E02WP-H8-S188;E02WP-H8;E02WP-H8;NA;;Control;Control;NA;;NA;neg_pcr_con;;stigma;susi_ale,anna;;;;;;;Run_01;H8
ITS2_susy4pAB;ZR-83-S216;ZR-83;ZR_083;4;;NA;NA;NA;Hainich;HEG07;reed_pollen;2020;reed_pollen;susi_ale;;;;;;;;
ITS2_susy4pAB;ZR145A-S241;ZR145A;ZR_145A;3;;Osmia_bicornis;Osmia;NA;Hainich;HEG07;reed_pollen;2021;reed_pollen;susi_ale;;;;;;;;
ITS2_susy4pAB;ZR145B-S375;ZR145B;ZR_145B;4;;Osmia_bicornis;Osmia;NA;Hainich;HEG07;reed_pollen;2021;reed_pollen;susi_ale;;;;;;;;
ITS2_susy4pAB;E02P-E4-S148;E02P-E4;E02P-E4;NA;;Control;Control;NA;;NA;pos_con;;stigma;susi_ale,anna;;;;;;;Run_01;E4
ITS2_susy4pAB;E02P-G2-S170;E02P-G2;E02P-G2;NA;;Control;Control;NA;;NA;pos_con;;stigma;susi_ale,anna;;;;;;;Run_01;G2
ITS2_susy4pAB;E02P-H1-S181;E02P-H1;E02P-H1;NA;;Control;Control;NA;;NA;pos_con;;stigma;susi_ale,anna;;;;;;;Run_01;H1
ITS2_susy4pAB;E03P-E4-S244;E03P-E4;E03P-E4;NA;;Control;Control;NA;;NA;pos_con;;stigma;anna;;;;;;;Run_01;E4
ITS2_susy4pAB;E03P-F3-S255;E03P-F3;E03P-F3;NA;;Control;Control;NA;;NA;pos_con;;stigma;anna;;;;;;;Run_01;F3
ITS2_susy4pAB;E03P-G2-S266;E03P-G2;E03P-G2;NA;;Control;Control;NA;;NA;pos_con;;stigma;anna;;;;;;;Run_01;G2
ITS2_susy4pAB;E03P-H1-S277;E03P-H1;E03P-H1;NA;;Control;Control;NA;;NA;pos_con;;stigma;anna;;;;;;;Run_01;H1
ITS2_susy4pAB;AIM245;AIM245;negExt1;NA;C3;Control;Control;NA;;NA;neg_ext_con;;bee_leg_pollen;aim;;;;;;;aim;
ITS2_susy4pAB;AIM332;AIM332;negExt2;NA;C8;Control;Control;NA;;NA;neg_ext_con;;bee_leg_pollen;aim;;;;;;;aim;
ITS2_susy4pAB;AIM246;AIM246;negPCR1;NA;C4;Control;Control;NA;;NA;neg_pcr_con;;bee_leg_pollen;aim;;;;;;;aim;
ITS2_susy4pAB;AIM247;AIM247;negPCR2;NA;C5;Control;Control;NA;;NA;neg_pcr_con;;bee_leg_pollen;aim;;;;;;;aim;
ITS2_susy4pAB;AIM268;AIM268;negPCR3;NA;C6;Control;Control;NA;;NA;neg_pcr_con;;bee_leg_pollen;aim;;;;;;;aim;
ITS2_susy4pAB;AIM303;AIM303;negPCR4;NA;C7;Control;Control;NA;;NA;neg_pcr_con;;bee_leg_pollen;aim;;;;;;;aim;
ITS2_susy4pAB;AIM206;AIM206;negPCR5;NA;NA;Control;Control;NA;;NA;neg_pcr_con;;bee_leg_pollen;aim;;;;;;;aim;
ITS2_susy4pAB;AIM20201006NGSeco-A-negPCRH11-E035;AIM20201006NGSeco-A-negPCRH11-E035;PCR_NegC;NA;C2;Control;Control;NA;;NA;neg_pcr_con;;bee_leg_pollen;aim;;;;;;;aim;
ITS2_susy4pAB;AIM20201006NGSeco-A-negExtH12-E035;AIM20201006NGSeco-A-negExtH12-E035;PCR_positive;NA;C1;Control;Control;NA;;NA;pos_con;;bee_leg_pollen;aim;;;;;;;aim;
ITS2_susy4pAB;Run02-NCon1-S1;Run02-NCon1;Run02-NCon1;NA;;Control;Control;NA;;NA;neg_pcr_con;;bee_leg_pollen;susi_ale;;;;;;;Run_02;
ITS2_susy4pAB;Run02-NCon10-S110;Run02-NCon10;Run02-NCon10;NA;;Control;Control;NA;;NA;neg_pcr_con;;bee_leg_pollen;susi_ale;;;;;;;Run_02;
ITS2_susy4pAB;Run02-NCon11-S27;Run02-NCon11;Run02-NCon11;NA;;Control;Control;NA;;NA;neg_pcr_con;;bee_leg_pollen;susi_ale;;;;;;;Run_02;
ITS2_susy4pAB;Run02-NCon12-S40;Run02-NCon12;Run02-NCon12;NA;;Control;Control;NA;;NA;neg_pcr_con;;bee_leg_pollen;susi_ale;;;;;;;Run_02;
ITS2_susy4pAB;Run02-NCon13-S149;Run02-NCon13;Run02-NCon13;NA;;Control;Control;NA;;NA;neg_pcr_con;;bee_leg_pollen;susi_ale;;;;;;;Run_02;
ITS2_susy4pAB;Run02-NCon14-S162;Run02-NCon14;Run02-NCon14;NA;;Control;Control;NA;;NA;neg_pcr_con;;bee_leg_pollen;susi_ale;;;;;;;Run_02;
ITS2_susy4pAB;Run02-NCon15-S175;Run02-NCon15;Run02-NCon15;NA;;Control;Control;NA;;NA;neg_pcr_con;;bee_leg_pollen;susi_ale;;;;;;;Run_02;
ITS2_susy4pAB;Run02-NCon16-S188;Run02-NCon16;Run02-NCon16;NA;;Control;Control;NA;;NA;neg_pcr_con;;bee_leg_pollen;susi_ale;;;;;;;Run_02;
ITS2_susy4pAB;Run02-NCon17-S193;Run02-NCon17;Run02-NCon17;NA;;Control;Control;NA;;NA;neg_ext_con;;bee_leg_pollen;susi_ale;;;;;;;Run_02;
ITS2_susy4pAB;Run02-NCon18-S206;Run02-NCon18;Run02-NCon18;NA;;Control;Control;NA;;NA;neg_ext_con;;bee_leg_pollen;susi_ale;;;;;;;Run_02;
ITS2_susy4pAB;ZR145C-S374;ZR145C;ZR_145C;3;;Osmia_bicornis;Osmia;NA;Hainich;HEG07;reed_pollen;2021;reed_pollen;susi_ale;;;;;;;;
ITS2_susy4pAB;Run02-NCon2-S14;Run02-NCon2;Run02-NCon2;NA;;Control;Control;NA;;NA;neg_pcr_con;;bee_leg_pollen;susi_ale;;;;;;;Run_02;
ITS2_susy4pAB;ZR146A-S376;ZR146A;ZR_146A;3;;Osmia_bicornis;Osmia;NA;Hainich;HEG07;reed_pollen;2021;reed_pollen;susi_ale;;;;;;;;
ITS2_susy4pAB;ZR146B-S377;ZR146B;ZR_146B;2;;Osmia_bicornis;Osmia;NA;Hainich;HEG07;reed_pollen;2021;reed_pollen;susi_ale;;;;;;;;
ITS2_susy4pAB;ZR146C-S378;ZR146C;ZR_146C;3;;Osmia_bicornis;Osmia;NA;Hainich;HEG07;reed_pollen;2021;reed_pollen;susi_ale;;;;;;;;
ITS2_susy4pAB;ZR147-S379;ZR147;ZR_147;3;;Osmia_bicornis;Osmia;NA;Hainich;HEG07;reed_pollen;2021;reed_pollen;susi_ale;;;;;;;;
ITS2_susy4pAB;Bi-P1718011;Bi-P1718011;Bi-P1718011;NA;;Osmia caerulescens;Osmia;NA;Hainich;HEG08;reed_pollen;2017;reed_pollen;birte;;;;;;;;
ITS2_susy4pAB;Bi-P1718027;Bi-P1718027;Bi-P1718027;NA;;Osmia cornuta;Osmia;NA;Hainich;HEG08;reed_pollen;2017;reed_pollen;birte;;;;;;;;
ITS2_susy4pAB;Bi-P1718043;Bi-P1718043;Bi-P1718043;NA;;Osmia bicornis;Osmia;NA;Hainich;HEG08;reed_pollen;2017;reed_pollen;birte;;;;;;;;
ITS2_susy4pAB;Bi-P1718057;Bi-P1718057;Bi-P1718057;NA;;Osmia bicornis;Osmia;NA;Hainich;HEG08;reed_pollen;2017;reed_pollen;birte;;;;;;;;
ITS2_susy4pAB;Bi-P1718058;Bi-P1718058;Bi-P1718058;NA;;Chelostoma florisomne;Chelostoma;NA;Hainich;HEG08;reed_pollen;2017;reed_pollen;birte;;;;;;;;
ITS2_susy4pAB;Bi-P1718059;Bi-P1718059;Bi-P1718059;NA;;Chelostoma florisomne;Chelostoma;NA;Hainich;HEG08;reed_pollen;2017;reed_pollen;birte;;;;;;;;
ITS2_susy4pAB;Run02-NCon3-S123;Run02-NCon3;Run02-NCon3;NA;;Control;Control;NA;;NA;neg_pcr_con;;bee_leg_pollen;susi_ale;;;;;;;Run_02;
ITS2_susy4pAB;Bi-P1718106;Bi-P1718106;Bi-P1718106;NA;;Osmia bicornis;Osmia;NA;Hainich;HEG08;reed_pollen;2017;reed_pollen;birte;;;;;;;;
ITS2_susy4pAB;Bi-P1718120;Bi-P1718120;Bi-P1718120;NA;;Osmia caerulescens;Osmia;NA;Hainich;HEG08;reed_pollen;2017;reed_pollen;birte;;;;;;;;
ITS2_susy4pAB;Bi-P1718121;Bi-P1718121;Bi-P1718121;NA;;Megachile versicolor;Megachile;NA;Hainich;HEG08;reed_pollen;2017;reed_pollen;birte;;;;;;;;
ITS2_susy4pAB;Run02-NCon4-S137;Run02-NCon4;Run02-NCon4;NA;;Control;Control;NA;;NA;neg_pcr_con;;bee_leg_pollen;susi_ale;;;;;;;Run_02;
ITS2_susy4pAB;Run02-NCon5-S53;Run02-NCon5;Run02-NCon5;NA;;Control;Control;NA;;NA;neg_pcr_con;;bee_leg_pollen;susi_ale;;;;;;;Run_02;
ITS2_susy4pAB;Run02-NCon6-S66;Run02-NCon6;Run02-NCon6;NA;;Control;Control;NA;;NA;pos_con;;bee_leg_pollen;susi_ale;;;;;;;Run_02;
ITS2_susy4pAB;Run02-NCon7-S79;Run02-NCon7;Run02-NCon7;NA;;Control;Control;NA;;NA;neg_pcr_con;;bee_leg_pollen;susi_ale;;;;;;;Run_02;
ITS2_susy4pAB;Run02-NCon8-S92;Run02-NCon8;Run02-NCon8;NA;;Control;Control;NA;;NA;neg_pcr_con;;bee_leg_pollen;susi_ale;;;;;;;Run_02;
ITS2_susy4pAB;Run02-NCon9-S97;Run02-NCon9;Run02-NCon9;NA;;Control;Control;NA;;NA;neg_pcr_con;;bee_leg_pollen;susi_ale;;;;;;;Run_02;
ITS2_susy4pAB;Run02-PCon1-S8;Run02-PCon1;Run02-PCon1;NA;;Control;Control;NA;;NA;pos_con;;bee_leg_pollen;susi_ale;;;;;;;Run_02;
ITS2_susy4pAB;Run02-PCon10-S115;Run02-PCon10;Run02-PCon10;NA;;Control;Control;NA;;NA;pos_con;;bee_leg_pollen;susi_ale;;;;;;;Run_02;
ITS2_susy4pAB;Run02-PCon11-S30;Run02-PCon11;Run02-PCon11;NA;;Control;Control;NA;;NA;pos_con;;bee_leg_pollen;susi_ale;;;;;;;Run_02;
ITS2_susy4pAB;Run02-PCon12-S41;Run02-PCon12;Run02-PCon12;NA;;Control;Control;NA;;NA;pos_con;;bee_leg_pollen;susi_ale;;;;;;;Run_02;
ITS2_susy4pAB;Run02-PCon13-S148;Run02-PCon13;Run02-PCon13;NA;;Control;Control;NA;;NA;pos_con;;bee_leg_pollen;susi_ale;;;;;;;Run_02;
ITS2_susy4pAB;Run02-PCon14-S159;Run02-PCon14;Run02-PCon14;NA;;Control;Control;NA;;NA;pos_con;;bee_leg_pollen;susi_ale;;;;;;;Run_02;
ITS2_susy4pAB;Run02-PCon15-S170;Run02-PCon15;Run02-PCon15;NA;;Control;Control;NA;;NA;pos_con;;bee_leg_pollen;susi_ale;;;;;;;Run_02;
ITS2_susy4pAB;Run02-PCon16-S181;Run02-PCon16;Run02-PCon16;NA;;Control;Control;NA;;NA;pos_con;;bee_leg_pollen;susi_ale;;;;;;;Run_02;
ITS2_susy4pAB;Run02-PCon17-S200;Run02-PCon17;Run02-PCon17;NA;;Control;Control;NA;;NA;pos_con;;bee_leg_pollen;susi_ale;;;;;;;Run_02;
ITS2_susy4pAB;Run02-PCon18-S211;Run02-PCon18;Run02-PCon18;NA;;Control;Control;NA;;NA;pos_con;;bee_leg_pollen;susi_ale;;;;;;;Run_02;
ITS2_susy4pAB;Bi-P1718122;Bi-P1718122;Bi-P1718122;NA;;Megachile versicolor;Megachile;NA;Hainich;HEG08;reed_pollen;2017;reed_pollen;birte;;;;;;;;
ITS2_susy4pAB;Run02-PCon2-S19;Run02-PCon2;Run02-PCon2;NA;;Control;Control;NA;;NA;pos_con;;bee_leg_pollen;susi_ale;;;;;;;Run_02;
ITS2_susy4pAB;Bi-P1718125;Bi-P1718125;Bi-P1718125;NA;;Megachile versicolor;Megachile;NA;Hainich;HEG08;reed_pollen;2017;reed_pollen;birte;;;;;;;;
ITS2_susy4pAB;Bi-P1718126;Bi-P1718126;Bi-P1718126;NA;;Megachile versicolor;Megachile;NA;Hainich;HEG08;reed_pollen;2017;reed_pollen;birte;;;;;;;;
ITS2_susy4pAB;Bi-P1718127;Bi-P1718127;Bi-P1718127;NA;;Osmia caerulescens;Osmia;NA;Hainich;HEG08;reed_pollen;2017;reed_pollen;birte;;;;;;;;
ITS2_susy4pAB;Bi-P1718133;Bi-P1718133;Bi-P1718133;NA;;Osmia bicornis;Osmia;NA;Hainich;HEG08;reed_pollen;2018;reed_pollen;birte;;;;;;;;
ITS2_susy4pAB;Bi-P1718136;Bi-P1718136;Bi-P1718136;NA;;Osmia bicornis;Osmia;NA;Hainich;HEG08;reed_pollen;2018;reed_pollen;birte;;;;;;;;
ITS2_susy4pAB;Bi-P1718137;Bi-P1718137;Bi-P1718137;NA;;Osmia cornuta;Osmia;NA;Hainich;HEG08;reed_pollen;2018;reed_pollen;birte;;;;;;;;
ITS2_susy4pAB;Bi-P1718138;Bi-P1718138;Bi-P1718138;NA;;Osmia cornuta;Osmia;NA;Hainich;HEG08;reed_pollen;2018;reed_pollen;birte;;;;;;;;
ITS2_susy4pAB;ZR149-S240;ZR149;ZR_149;1;;Osmia_bicornis;Osmia;NA;Hainich;HEG08;reed_pollen;2021;reed_pollen;susi_ale;;;;;;;;
ITS2_susy4pAB;Bi-P1718005;Bi-P1718005;Bi-P1718005;NA;;Megachile versicolor;Megachile;NA;Hainich;HEG09;reed_pollen;2017;reed_pollen;birte;;;;;;;;
ITS2_susy4pAB;Bi-P1718028;Bi-P1718028;Bi-P1718028;NA;;Osmia bicornis;Osmia;NA;Hainich;HEG09;reed_pollen;2017;reed_pollen;birte;;;;;;;;
ITS2_susy4pAB;Run02-PCon3-S126;Run02-PCon3;Run02-PCon3;NA;;Control;Control;NA;;NA;pos_con;;bee_leg_pollen;susi_ale;;;;;;;Run_02;
ITS2_susy4pAB;Bi-P1718029;Bi-P1718029;Bi-P1718029;NA;;Osmia bicornis;Osmia;NA;Hainich;HEG09;reed_pollen;2017;reed_pollen;birte;;;;;;;;
ITS2_susy4pAB;Bi-P1718060;Bi-P1718060;Bi-P1718060;NA;;Osmia bicornis;Osmia;NA;Hainich;HEG09;reed_pollen;2017;reed_pollen;birte;;;;;;;;
ITS2_susy4pAB;Bi-P1718061;Bi-P1718061;Bi-P1718061;NA;;Osmia bicornis;Osmia;NA;Hainich;HEG09;reed_pollen;2017;reed_pollen;birte;;;;;;;;
ITS2_susy4pAB;Run02-PCon4-S136;Run02-PCon4;Run02-PCon4;NA;;Control;Control;NA;;NA;pos_con;;bee_leg_pollen;susi_ale;;;;;;;Run_02;
ITS2_susy4pAB;Run02-PCon5-S52;Run02-PCon5;Run02-PCon5;NA;;Control;Control;NA;;NA;pos_con;;bee_leg_pollen;susi_ale;;;;;;;Run_02;
ITS2_susy4pAB;Run02-PCon6-S63;Run02-PCon6;Run02-PCon6;NA;;Control;Control;NA;;NA;pos_con;;bee_leg_pollen;susi_ale;;;;;;;Run_02;
ITS2_susy4pAB;Run02-PCon7-S74;Run02-PCon7;Run02-PCon7;NA;;Control;Control;NA;;NA;pos_con;;bee_leg_pollen;susi_ale;;;;;;;Run_02;
ITS2_susy4pAB;Run02-PCon8-S85;Run02-PCon8;Run02-PCon8;NA;;Control;Control;NA;;NA;pos_con;;bee_leg_pollen;susi_ale;;;;;;;Run_02;
ITS2_susy4pAB;Run02-PCon9-S104;Run02-PCon9;Run02-PCon9;NA;;Control;Control;NA;;NA;pos_con;;bee_leg_pollen;susi_ale;;;;;;;Run_02;
ITS2_susy4pAB;Bi-P1718062;Bi-P1718062;Bi-P1718062;NA;;Osmia bicornis;Osmia;NA;Hainich;HEG09;reed_pollen;2017;reed_pollen;birte;;;;;;;;
ITS2_susy4pAB;Bi-P1718063;Bi-P1718063;Bi-P1718063;NA;;Osmia bicornis;Osmia;NA;Hainich;HEG09;reed_pollen;2017;reed_pollen;birte;;;;;;;;
ITS2_susy4pAB;Bi-P1718064;Bi-P1718064;Bi-P1718064;NA;;Osmia bicornis;Osmia;NA;Hainich;HEG09;reed_pollen;2017;reed_pollen;birte;;;;;;;;
ITS2_susy4pAB;Bi-P1718065;Bi-P1718065;Bi-P1718065;NA;;Osmia bicornis;Osmia;NA;Hainich;HEG09;reed_pollen;2017;reed_pollen;birte;;;;;;;;
ITS2_susy4pAB;Bi-P1718066;Bi-P1718066;Bi-P1718066;NA;;Osmia bicornis;Osmia;NA;Hainich;HEG09;reed_pollen;2017;reed_pollen;birte;;;;;;;;
ITS2_susy4pAB;Bi-P1718067;Bi-P1718067;Bi-P1718067;NA;;Osmia bicornis;Osmia;NA;Hainich;HEG09;reed_pollen;2017;reed_pollen;birte;;;;;;;;
ITS2_susy4pAB;Bi-P1718068;Bi-P1718068;Bi-P1718068;NA;;Osmia bicornis;Osmia;NA;Hainich;HEG09;reed_pollen;2017;reed_pollen;birte;;;;;;;;
ITS2_susy4pAB;Bi-P1718081;Bi-P1718081;Bi-P1718081;NA;;Osmia caerulescens;Osmia;NA;Hainich;HEG09;reed_pollen;2017;reed_pollen;birte;;;;;;;;
ITS2_susy4pAB;Run03-NCon17-S193;Run03-NCon17;Run03-NCon17;NA;;Control;Control;NA;;NA;neg_ext_con;;bee_leg_pollen;susi_ale;;;;;;;Run_03;
ITS2_susy4pAB;Run03-NCon18-S206;Run03-NCon18;Run03-NCon18;NA;;Control;Control;NA;;NA;neg_ext_con;;bee_leg_pollen;susi_ale;;;;;;;Run_03;
ITS2_susy4pAB;Run03-NCon19-S219;Run03-NCon19;Run03-NCon19;NA;;Control;Control;NA;;NA;neg_ext_con;;bee_leg_pollen;susi_ale;;;;;;;Run_03;
ITS2_susy4pAB;Bi-P1718082;Bi-P1718082;Bi-P1718082;NA;;Osmia caerulescens;Osmia;NA;Hainich;HEG09;reed_pollen;2017;reed_pollen;birte;;;;;;;;
ITS2_susy4pAB;Run03-NCon20-S232;Run03-NCon20;Run03-NCon20;NA;;Control;Control;NA;;NA;neg_ext_con;;bee_leg_pollen;susi_ale;;;;;;;Run_03;
ITS2_susy4pAB;Bi-P1718105;Bi-P1718105;Bi-P1718105;NA;;Chelostoma florisomne;Chelostoma;NA;Hainich;HEG09;reed_pollen;2017;reed_pollen;birte;;;;;;;;
ITS2_susy4pAB;Bi-P1718107;Bi-P1718107;Bi-P1718107;NA;;Osmia bicornis;Osmia;NA;Hainich;HEG09;reed_pollen;2017;reed_pollen;birte;;;;;;;;
ITS2_susy4pAB;Run03-NCon23-S271;Run03-NCon23;Run03-NCon23;NA;;Control;Control;NA;;NA;neg_ext_con;;bee_leg_pollen,ugo;susi_ale;;;;;;;Run_03;
ITS2_susy4pAB;Run03-NCon24-S284;Run03-NCon24;Run03-NCon24;NA;;Control;Control;NA;;NA;neg_ext_con;;bee_leg_pollen,ugo;susi_ale;;;;;;;Run_03;
ITS2_susy4pAB;Run03-NCon25-S289;Run03-NCon25;Run03-NCon25;NA;;Control;Control;NA;;NA;neg_ext_con;;ugo;susi_ale;;;;;;;Run_03;
ITS2_susy4pAB;Run03-NCon26-S302;Run03-NCon26;Run03-NCon26;NA;;Control;Control;NA;;NA;neg_ext_con;;ugo;susi_ale;;;;;;;Run_03;
ITS2_susy4pAB;Run03-NCon27-S315;Run03-NCon27;Run03-NCon27;NA;;Control;Control;NA;;NA;neg_ext_con;;ugo;susi_ale;;;;;;;Run_03;
ITS2_susy4pAB;Run03-NCon28-S328;Run03-NCon28;Run03-NCon28;NA;;Control;Control;NA;;NA;neg_ext_con;;ugo;susi_ale;;;;;;;Run_03;
ITS2_susy4pAB;Run03-NCon29-S341;Run03-NCon29;Run03-NCon29;NA;;Control;Control;NA;;NA;neg_pcr_con;;ugo;susi_ale;;;;;;;Run_03;
ITS2_susy4pAB;Bi-P1718123;Bi-P1718123;Bi-P1718123;NA;;Megachile versicolor;Megachile;NA;Hainich;HEG09;reed_pollen;2017;reed_pollen;birte;;;;;;;;
ITS2_susy4pAB;Run03-NCon30-S354;Run03-NCon30;Run03-NCon30;NA;;Control;Control;NA;;NA;neg_pcr_con;;ugo;susi_ale;;;;;;;Run_03;
ITS2_susy4pAB;Run03-NCon31-S367;Run03-NCon31;Run03-NCon31;NA;;Control;Control;NA;;NA;neg_pcr_con;;ugo;susi_ale;;;;;;;Run_03;
ITS2_susy4pAB;Run03-NCon32-S380;Run03-NCon32;Run03-NCon32;NA;;Control;Control;NA;;NA;neg_pcr_con;;ugo;susi_ale;;;;;;;Run_03;
ITS2_susy4pAB;Bi-P1718124;Bi-P1718124;Bi-P1718124;NA;;Megachile versicolor;Megachile;NA;Hainich;HEG09;reed_pollen;2017;reed_pollen;birte;;;;;;;;
ITS2_susy4pAB;Bi-P1718139;Bi-P1718139;Bi-P1718139;NA;;Osmia bicornis;Osmia;NA;Hainich;HEG09;reed_pollen;2018;reed_pollen;birte;;;;;;;;
ITS2_susy4pAB;Bi-P1718140;Bi-P1718140;Bi-P1718140;NA;;Osmia bicornis;Osmia;NA;Hainich;HEG09;reed_pollen;2018;reed_pollen;birte;;;;;;;;
ITS2_susy4pAB;Bi-P1718141;Bi-P1718141;Bi-P1718141;NA;;Osmia bicornis;Osmia;NA;Hainich;HEG09;reed_pollen;2018;reed_pollen;birte;;;;;;;;
ITS2_susy4pAB;Bi-P1718142;Bi-P1718142;Bi-P1718142;NA;;Osmia bicornis;Osmia;NA;Hainich;HEG09;reed_pollen;2018;reed_pollen;birte;;;;;;;;
ITS2_susy4pAB;Bi-P1718143;Bi-P1718143;Bi-P1718143;NA;;Osmia bicornis;Osmia;NA;Hainich;HEG09;reed_pollen;2018;reed_pollen;birte;;;;;;;;
ITS2_susy4pAB;ZR-2-S3;ZR-2;ZR_002;1;;NA;NA;NA;Hainich;HEG09;reed_pollen;2020;reed_pollen;susi_ale;;;;;;;;
ITS2_susy4pAB;ZR-3-S4;ZR-3;ZR_003;1;;Osmia_bicornis;Osmia;NA;Hainich;HEG09;reed_pollen;2020;reed_pollen;susi_ale;;;;;;;;
ITS2_susy4pAB;ZR-4-S5;ZR-4;ZR_004;1;;Osmia_bicornis;Osmia;NA;Hainich;HEG09;reed_pollen;2020;reed_pollen;susi_ale;;;;;;;;
ITS2_susy4pAB;ZR-66A-S107;ZR-66A;ZR_066A;4;;Osmia_bicornis;Osmia;NA;Hainich;HEG09;reed_pollen;2020;reed_pollen;susi_ale;;;;;;;;
ITS2_susy4pAB;ZR-66B-S108;ZR-66B;ZR_066B;1;;Osmia_bicornis;Osmia;NA;Hainich;HEG09;reed_pollen;2020;reed_pollen;susi_ale;;;;;;;;
ITS2_susy4pAB;ZR-67-S109;ZR-67;ZR_067;3;;Osmia_bicornis;Osmia;NA;Hainich;HEG09;reed_pollen;2020;reed_pollen;susi_ale;;;;;;;;
ITS2_susy4pAB;ZR-76-S125;ZR-76;ZR_076;2;;Osmia_bicornis;Osmia;NA;Hainich;HEG09;reed_pollen;2020;reed_pollen;susi_ale;;;;;;;;
ITS2_susy4pAB;ZR-77-S228;ZR-77;ZR_077;3;;Osmia_bicornis;Osmia;NA;Hainich;HEG09;reed_pollen;2020;reed_pollen;susi_ale;;;;;;;;
ITS2_susy4pAB;Run03-PCon17-S200;Run03-PCon17;Run03-PCon17;NA;;Control;Control;NA;;NA;pos_con;;bee_leg_pollen;susi_ale;;;;;;;Run_03;
ITS2_susy4pAB;Run03-PCon18-S211;Run03-PCon18;Run03-PCon18;NA;;Control;Control;NA;;NA;pos_con;;bee_leg_pollen;susi_ale;;;;;;;Run_03;
ITS2_susy4pAB;Run03-PCon19-S222;Run03-PCon19;Run03-PCon19;NA;;Control;Control;NA;;NA;pos_con;;bee_leg_pollen;susi_ale;;;;;;;Run_03;
ITS2_susy4pAB;Run03-PCon20-S233;Run03-PCon20;Run03-PCon20;NA;;Control;Control;NA;;NA;pos_con;;bee_leg_pollen;susi_ale;;;;;;;Run_03;
ITS2_susy4pAB;ZR-78A-S127;ZR-78A;ZR_078A;4;;Osmia_bicornis;Osmia;NA;Hainich;HEG09;reed_pollen;2020;reed_pollen;susi_ale;;;;;;;;
ITS2_susy4pAB;ZR-78B-S128;ZR-78B;ZR_078B;4;;Osmia_bicornis;Osmia;NA;Hainich;HEG09;reed_pollen;2020;reed_pollen;susi_ale;;;;;;;;
ITS2_susy4pAB;Run03-PCon23-S266;Run03-PCon23;Run03-PCon23;NA;;Control;Control;NA;;NA;pos_con;;bee_leg_pollen,ugo;susi_ale;;;;;;;Run_03;
ITS2_susy4pAB;Run03-PCon24-S277;Run03-PCon24;Run03-PCon24;NA;;Control;Control;NA;;NA;pos_con;;bee_leg_pollen,ugo;susi_ale;;;;;;;Run_03;
ITS2_susy4pAB;Run03-PCon25-S296;Run03-PCon25;Run03-PCon25;NA;;Control;Control;NA;;NA;pos_con;;ugo;susi_ale;;;;;;;Run_03;
ITS2_susy4pAB;Run03-PCon26-S307;Run03-PCon26;Run03-PCon26;NA;;Control;Control;NA;;NA;pos_con;;ugo;susi_ale;;;;;;;Run_03;
ITS2_susy4pAB;Run03-PCon27-S318;Run03-PCon27;Run03-PCon27;NA;;Control;Control;NA;;NA;pos_con;;ugo;susi_ale;;;;;;;Run_03;
ITS2_susy4pAB;Run03-PCon28-S329;Run03-PCon28;Run03-PCon28;NA;;Control;Control;NA;;NA;pos_con;;ugo;susi_ale;;;;;;;Run_03;
ITS2_susy4pAB;Run03-PCon29-S340;Run03-PCon29;Run03-PCon29;NA;;Control;Control;NA;;NA;pos_con;;ugo;susi_ale;;;;;;;Run_03;
ITS2_susy4pAB;ZR-79A-S129;ZR-79A;ZR_079A;4;;Osmia_bicornis;Osmia;NA;Hainich;HEG09;reed_pollen;2020;reed_pollen;susi_ale;;;;;;;;
ITS2_susy4pAB;Run03-PCon30-S351;Run03-PCon30;Run03-PCon30;NA;;Control;Control;NA;;NA;pos_con;;ugo;susi_ale;;;;;;;Run_03;
ITS2_susy4pAB;Run03-PCon31-S362;Run03-PCon31;Run03-PCon31;NA;;Control;Control;NA;;NA;pos_con;;ugo;susi_ale;;;;;;;Run_03;
ITS2_susy4pAB;Run03-PCon32-S373;Run03-PCon32;Run03-PCon32;NA;;Control;Control;NA;;NA;pos_con;;ugo;susi_ale;;;;;;;Run_03;
ITS2_susy4pAB;ZR-79B-S130;ZR-79B;ZR_079B;4;;Osmia_bicornis;Osmia;NA;Hainich;HEG09;reed_pollen;2020;reed_pollen;susi_ale;;;;;;;;
ITS2_susy4pAB;ZR-79C-S131;ZR-79C;ZR_079C;1;;Osmia_bicornis;Osmia;NA;Hainich;HEG09;reed_pollen;2020;reed_pollen;susi_ale;;;;;;;;
ITS2_susy4pAB;ZR-84-S227;ZR-84;ZR_084;3;;NA;NA;NA;Hainich;HEG09;reed_pollen;2020;reed_pollen;susi_ale;;;;;;;;
ITS2_susy4pAB;ZR-85-S138;ZR-85;ZR_085;2;;Osmia_bicornis;Osmia;NA;Hainich;HEG09;reed_pollen;2020;reed_pollen;susi_ale;;;;;;;;
ITS2_susy4pAB;ZR-86-S139;ZR-86;ZR_086;2;;Osmia_bicornis;Osmia;NA;Hainich;HEG09;reed_pollen;2020;reed_pollen;susi_ale;;;;;;;;
ITS2_susy4pAB;AIM20201006NGSeco-A-001-E035;AIM20201006NGSeco-A-001-E035;Z_001;12;1;Apis_mellifera;Apis;1;Alb;AEG01;bee_leg_pollen;2020;bee_leg_pollen;aim;;;;;;;;
ITS2_susy4pAB;AIM20201006NGSeco-A-002-E035;AIM20201006NGSeco-A-002-E035;Z_002;11;2;Apis_mellifera;Apis;1;Alb;AEG12;bee_leg_pollen;2020;bee_leg_pollen;aim;;;;;;;;
ITS2_susy4pAB;AIM20201006NGSeco-A-003-E035;AIM20201006NGSeco-A-003-E035;Z_003A;10;3;Apis_mellifera;Apis;1;Alb;AEG03;bee_leg_pollen;2020;bee_leg_pollen;aim;;;;;;;;
ITS2_susy4pAB;AIM20201006NGSeco-A-004-E035;AIM20201006NGSeco-A-004-E035;Z_003B;10;4;Apis_mellifera;Apis;1;Alb;AEG03;bee_leg_pollen;2020;bee_leg_pollen;aim;;;;;;;;
ITS2_susy4pAB;AIM20201006NGSeco-A-005-E035;AIM20201006NGSeco-A-005-E035;Z_003C;8;5;Apis_mellifera;Apis;1;Alb;AEG03;bee_leg_pollen;2020;bee_leg_pollen;aim;;;;;;;;
ITS2_susy4pAB;AIM20201006NGSeco-A-006-E035;AIM20201006NGSeco-A-006-E035;Z_004;5;6;Apis_mellifera;Apis;1;Alb;AEG04;bee_leg_pollen;2020;bee_leg_pollen;aim;;;;;;;;
ITS2_susy4pAB;AIM20201006NGSeco-A-007-E035;AIM20201006NGSeco-A-007-E035;Z_005;14;7;Apis_mellifera;Apis;1;Alb;AEG41;bee_leg_pollen;2020;bee_leg_pollen;aim;;;;;;;;
ITS2_susy4pAB;AIM20201006NGSeco-A-008-E035;AIM20201006NGSeco-A-008-E035;Z_006;11;8;Apis_mellifera;Apis;1;Alb;AEG06;bee_leg_pollen;2020;bee_leg_pollen;aim;;;;;;;;
ITS2_susy4pAB;AIM20201006NGSeco-A-009-E035;AIM20201006NGSeco-A-009-E035;Z_007;5;9;Apis_mellifera;Apis;1;Alb;AEG07;bee_leg_pollen;2020;bee_leg_pollen;aim;;;;;;;;
ITS2_susy4pAB;AIM20201006NGSeco-A-010-E035;AIM20201006NGSeco-A-010-E035;Z_008;4;10;Apis_mellifera;Apis;1;Hainich;HEG01;bee_leg_pollen;2020;bee_leg_pollen;aim;;;;;;;;
ITS2_susy4pAB;AIM20201006NGSeco-A-011-E035;AIM20201006NGSeco-A-011-E035;Z_009;6;11;Apis_mellifera;Apis;1;Schorfheide;SEG06;bee_leg_pollen;2020;bee_leg_pollen;aim;;;;;;;;
ITS2_susy4pAB;AIM20201006NGSeco-A-012-E035;AIM20201006NGSeco-A-012-E035;Z_010;4;12;Apis_mellifera;Apis;2;Alb;AEG11;bee_leg_pollen;2020;bee_leg_pollen;aim;;;;;;;;
ITS2_susy4pAB;AIM20201006NGSeco-A-013-E035;AIM20201006NGSeco-A-013-E035;Z_011;10;13;Apis_mellifera;Apis;2;Alb;AEG24;bee_leg_pollen;2020;bee_leg_pollen;aim;;;;;;;;
ITS2_susy4pAB;AIM20201006NGSeco-A-014-E035;AIM20201006NGSeco-A-014-E035;Z_012;8;14;Apis_mellifera;Apis;2;Alb;AEG46;bee_leg_pollen;2020;bee_leg_pollen;aim;;;;;;;;
ITS2_susy4pAB;AIM20201006NGSeco-A-015-E035;AIM20201006NGSeco-A-015-E035;Z_013;6;15;Apis_mellifera;Apis;2;Alb;AEG09;bee_leg_pollen;2020;bee_leg_pollen;aim;;;;;;;;
ITS2_susy4pAB;AIM20201006NGSeco-A-016-E035;AIM20201006NGSeco-A-016-E035;Z_014;3;16;Apis_mellifera;Apis;2;Schorfheide;SEG16;bee_leg_pollen;2020;bee_leg_pollen;aim;;;;;;;;
ITS2_susy4pAB;AIM20201006NGSeco-A-017-E035;AIM20201006NGSeco-A-017-E035;Z_015;4;17;Apis_mellifera;Apis;2;Schorfheide;SEG43;bee_leg_pollen;2020;bee_leg_pollen;aim;;;;;;;;
ITS2_susy4pAB;AIM20201006NGSeco-A-018-E035;AIM20201006NGSeco-A-018-E035;Z_016;6;18;Apis_mellifera;Apis;2;Schorfheide;SEG46;bee_leg_pollen;2020;bee_leg_pollen;aim;;;;;;;;
ITS2_susy4pAB;AIM262;AIM262;Z_034;10;110;Bombus_lapidarius;Bombus;2;Belgium;BELAS;bee_leg_pollen;2020;bee_leg_pollen;aim;;;;;;;;
ITS2_susy4pAB;AIM20201006NGSeco-A-061-E035;AIM20201006NGSeco-A-061-E035;Z_054;3;61;Bombus_terrestris;Bombus;2;Belgium;BELAS;bee_leg_pollen;2020;bee_leg_pollen;aim;;;;;;;;
ITS2_susy4pAB;AIM20201006NGSeco-A-021-E035;AIM20201006NGSeco-A-021-E035;Z_020;9;21;Bombus_lapidarius;Bombus;1;Alb;AEG01;bee_leg_pollen;2020;bee_leg_pollen;aim;;;;;;;;
ITS2_susy4pAB;AIM20201006NGSeco-A-022-E035;AIM20201006NGSeco-A-022-E035;Z_021;6;22;Bombus_lapidarius;Bombus;1;Alb;AEG12;bee_leg_pollen;2020;bee_leg_pollen;aim;;;;;;;;
ITS2_susy4pAB;AIM20201006NGSeco-A-023-E035;AIM20201006NGSeco-A-023-E035;Z_022;3;23;Bombus_lapidarius;Bombus;1;Schorfheide;SEG03;bee_leg_pollen;2020;bee_leg_pollen;aim;;;;;;;;
ITS2_susy4pAB;AIM20201006NGSeco-A-024-E035;AIM20201006NGSeco-A-024-E035;Z_023;4;24;Bombus_lapidarius;Bombus;2;Alb;AEG01;bee_leg_pollen;2020;bee_leg_pollen;aim;;;;;;;;
ITS2_susy4pAB;AIM20201006NGSeco-A-025-E035;AIM20201006NGSeco-A-025-E035;Z_024;3;25;Bombus_lapidarius;Bombus;2;Alb;AEG11;bee_leg_pollen;2020;bee_leg_pollen;aim;;;;;;;;
ITS2_susy4pAB;AIM20201006NGSeco-A-026-E035;AIM20201006NGSeco-A-026-E035;Z_025;3;26;Bombus_lapidarius;Bombus;2;Alb;AEG17;bee_leg_pollen;2020;bee_leg_pollen;aim;;;;;;;;
ITS2_susy4pAB;AIM20201006NGSeco-A-027-E035;AIM20201006NGSeco-A-027-E035;Z_026A;12;27;Bombus_lapidarius;Bombus;2;Alb;AEG24;bee_leg_pollen;2020;bee_leg_pollen;aim;;;;;;;;
ITS2_susy4pAB;AIM20201006NGSeco-A-028-E035;AIM20201006NGSeco-A-028-E035;Z_026B;10;28;Bombus_lapidarius;Bombus;2;Alb;AEG24;bee_leg_pollen;2020;bee_leg_pollen;aim;;;;;;;;
ITS2_susy4pAB;AIM20201006NGSeco-A-029-E035;AIM20201006NGSeco-A-029-E035;Z_027;7;29;Bombus_lapidarius;Bombus;2;Alb;AEG03;bee_leg_pollen;2020;bee_leg_pollen;aim;;;;;;;;
ITS2_susy4pAB;AIM20201006NGSeco-A-030-E035;AIM20201006NGSeco-A-030-E035;Z_028;4;30;Bombus_lapidarius;Bombus;2;Alb;AEG32;bee_leg_pollen;2020;bee_leg_pollen;aim;;;;;;;;
ITS2_susy4pAB;AIM20201006NGSeco-A-031-E035;AIM20201006NGSeco-A-031-E035;Z_029;3;31;Bombus_lapidarius;Bombus;2;Alb;AEG04;bee_leg_pollen;2020;bee_leg_pollen;aim;;;;;;;;
ITS2_susy4pAB;AIM20201006NGSeco-A-032-E035;AIM20201006NGSeco-A-032-E035;Z_030;7;32;Bombus_lapidarius;Bombus;2;Alb;AEG46;bee_leg_pollen;2020;bee_leg_pollen;aim;;;;;;;;
ITS2_susy4pAB;AIM20201006NGSeco-A-033-E035;AIM20201006NGSeco-A-033-E035;Z_031;4;33;Bombus_lapidarius;Bombus;2;Alb;AEG06;bee_leg_pollen;2020;bee_leg_pollen;aim;;;;;;;;
ITS2_susy4pAB;AIM20201006NGSeco-A-034-E035;AIM20201006NGSeco-A-034-E035;Z_032;9;34;Bombus_lapidarius;Bombus;2;Alb;AEG07;bee_leg_pollen;2020;bee_leg_pollen;aim;;;;;;;;
ITS2_susy4pAB;AIM20201006NGSeco-A-035-E035;AIM20201006NGSeco-A-035-E035;Z_033;9;35;Bombus_lapidarius;Bombus;2;Alb;AEG09;bee_leg_pollen;2020;bee_leg_pollen;aim;;;;;;;;
ITS2_susy4pAB;AIM250;AIM250;Z_084;5;98;Bombus_pascuorum;Bombus;2;Belgium;BELAS;bee_leg_pollen;2020;bee_leg_pollen;aim;;;;;;;;
ITS2_susy4pAB;AIM20201006NGSeco-A-036-E035;AIM20201006NGSeco-A-036-E035;Z_035;7;36;Bombus_lapidarius;Bombus;2;Hainich;HEG17;bee_leg_pollen;2020;bee_leg_pollen;aim;;;;;;;;
ITS2_susy4pAB;AIM20201006NGSeco-A-037-E035;AIM20201006NGSeco-A-037-E035;Z_036A;10;37;Bombus_lapidarius;Bombus;2;Hainich;HEG02;bee_leg_pollen;2020;bee_leg_pollen;aim;;;;;;;;
ITS2_susy4pAB;AIM20201006NGSeco-A-038-E035;AIM20201006NGSeco-A-038-E035;Z_036B;7;38;Bombus_lapidarius;Bombus;2;Hainich;HEG02;bee_leg_pollen;2020;bee_leg_pollen;aim;;;;;;;;
ITS2_susy4pAB;AIM20201006NGSeco-A-039-E035;AIM20201006NGSeco-A-039-E035;Z_037;5;39;Bombus_lapidarius;Bombus;2;Hainich;HEG32;bee_leg_pollen;2020;bee_leg_pollen;aim;;;;;;;;
ITS2_susy4pAB;AIM20201006NGSeco-A-040-E035;AIM20201006NGSeco-A-040-E035;Z_038;9;40;Bombus_lapidarius;Bombus;2;Hainich;HEG35;bee_leg_pollen;2020;bee_leg_pollen;aim;;;;;;;;
ITS2_susy4pAB;AIM20201006NGSeco-A-041-E035;AIM20201006NGSeco-A-041-E035;Z_039;3;41;Bombus_lapidarius;Bombus;2;Hainich;HEG47;bee_leg_pollen;2020;bee_leg_pollen;aim;;;;;;;;
ITS2_susy4pAB;AIM20201006NGSeco-A-042-E035;AIM20201006NGSeco-A-042-E035;Z_040A;10;42;Bombus_lapidarius;Bombus;2;Hainich;HEG50;bee_leg_pollen;2020;bee_leg_pollen;aim;;;;;;;;
ITS2_susy4pAB;AIM20201006NGSeco-A-043-E035;AIM20201006NGSeco-A-043-E035;Z_040B;10;43;Bombus_lapidarius;Bombus;2;Hainich;HEG50;bee_leg_pollen;2020;bee_leg_pollen;aim;;;;;;;;
ITS2_susy4pAB;AIM20201006NGSeco-A-044-E035;AIM20201006NGSeco-A-044-E035;Z_040C;10;44;Bombus_lapidarius;Bombus;2;Hainich;HEG50;bee_leg_pollen;2020;bee_leg_pollen;aim;;;;;;;;
ITS2_susy4pAB;AIM20201006NGSeco-A-045-E035;AIM20201006NGSeco-A-045-E035;Z_040D;5;45;Bombus_lapidarius;Bombus;2;Hainich;HEG50;bee_leg_pollen;2020;bee_leg_pollen;aim;;;;;;;;
ITS2_susy4pAB;AIM20201006NGSeco-A-046-E035;AIM20201006NGSeco-A-046-E035;Z_041;9;46;Bombus_lapidarius;Bombus;2;Hainich;HEG06;bee_leg_pollen;2020;bee_leg_pollen;aim;;;;;;;;
ITS2_susy4pAB;AIM20201006NGSeco-A-047-E035;AIM20201006NGSeco-A-047-E035;Z_042A;10;47;Bombus_lapidarius;Bombus;2;Hainich;HEG07;bee_leg_pollen;2020;bee_leg_pollen;aim;;;;;;;;
ITS2_susy4pAB;AIM20201006NGSeco-A-048-E035;AIM20201006NGSeco-A-048-E035;Z_042B;10;48;Bombus_lapidarius;Bombus;2;Hainich;HEG07;bee_leg_pollen;2020;bee_leg_pollen;aim;;;;;;;;
ITS2_susy4pAB;AIM20201006NGSeco-A-049-E035;AIM20201006NGSeco-A-049-E035;Z_042C;7;49;Bombus_lapidarius;Bombus;2;Hainich;HEG07;bee_leg_pollen;2020;bee_leg_pollen;aim;;;;;;;;
ITS2_susy4pAB;AIM20201006NGSeco-A-050-E035;AIM20201006NGSeco-A-050-E035;Z_043;4;50;Bombus_lapidarius;Bombus;2;Hainich;HEG08;bee_leg_pollen;2020;bee_leg_pollen;aim;;;;;;;;
ITS2_susy4pAB;AIM20201006NGSeco-A-051-E035;AIM20201006NGSeco-A-051-E035;Z_044A;10;51;Bombus_lapidarius;Bombus;2;Hainich;HEG09;bee_leg_pollen;2020;bee_leg_pollen;aim;;;;;;;;
ITS2_susy4pAB;AIM20201006NGSeco-A-052-E035;AIM20201006NGSeco-A-052-E035;Z_044B;7;52;Bombus_lapidarius;Bombus;2;Hainich;HEG09;bee_leg_pollen;2020;bee_leg_pollen;aim;;;;;;;;
ITS2_susy4pAB;Z-211-S197;Z-211;Z_211;4;;Andrena_haemorrhoa;Andrena;3;Belgium;BELAS;bee_leg_pollen;2021;bee_leg_pollen;susi_ale;;;;;;;;
ITS2_susy4pAB;AIM20201006NGSeco-A-053-E035;AIM20201006NGSeco-A-053-E035;Z_046;4;53;Bombus_lapidarius;Bombus;2;Schorfheide;SEG16;bee_leg_pollen;2020;bee_leg_pollen;aim;;;;;;;;
ITS2_susy4pAB;AIM20201006NGSeco-A-054-E035;AIM20201006NGSeco-A-054-E035;Z_047;3;54;Bombus_lapidarius;Bombus;2;Schorfheide;SEG22;bee_leg_pollen;2020;bee_leg_pollen;aim;;;;;;;;
ITS2_susy4pAB;AIM20201006NGSeco-A-055-E035;AIM20201006NGSeco-A-055-E035;Z_048;3;55;Bombus_lapidarius;Bombus;2;Schorfheide;SEG03;bee_leg_pollen;2020;bee_leg_pollen;aim;;;;;;;;
ITS2_susy4pAB;AIM20201006NGSeco-A-056-E035;AIM20201006NGSeco-A-056-E035;Z_049;4;56;Bombus_lapidarius;Bombus;2;Schorfheide;SEG04;bee_leg_pollen;2020;bee_leg_pollen;aim;;;;;;;;
ITS2_susy4pAB;AIM20201006NGSeco-A-057-E035;AIM20201006NGSeco-A-057-E035;Z_050;9;57;Bombus_lapidarius;Bombus;2;Schorfheide;SEG46;bee_leg_pollen;2020;bee_leg_pollen;aim;;;;;;;;
ITS2_susy4pAB;AIM20201006NGSeco-A-058-E035;AIM20201006NGSeco-A-058-E035;Z_051;3;58;Bombus_terrestris;Bombus;1;Alb;AEG01;bee_leg_pollen;2020;bee_leg_pollen;aim;;;;;;;;
ITS2_susy4pAB;AIM20201006NGSeco-A-059-E035;AIM20201006NGSeco-A-059-E035;Z_052;8;59;Bombus_terrestris;Bombus;1;Schorfheide;SEG05;bee_leg_pollen;2020;bee_leg_pollen;aim;;;;;;;;
ITS2_susy4pAB;AIM20201006NGSeco-A-060-E035;AIM20201006NGSeco-A-060-E035;Z_053;5;60;Bombus_terrestris;Bombus;2;Alb;AEG07;bee_leg_pollen;2020;bee_leg_pollen;aim;;;;;;;;
ITS2_susy4pAB;Z-212A-S208;Z-212A;Z_212A;8;;Apis_mellifera;Apis;3;Belgium;BELAS;bee_leg_pollen;2021;bee_leg_pollen;susi_ale;;;;;;;;
ITS2_susy4pAB;AIM20201006NGSeco-A-062-E035;AIM20201006NGSeco-A-062-E035;Z_055;5;62;Bombus_terrestris;Bombus;2;Hainich;HEG42;bee_leg_pollen;2020;bee_leg_pollen;aim;;;;;;;;
ITS2_susy4pAB;AIM20201006NGSeco-A-063-E035;AIM20201006NGSeco-A-063-E035;Z_056;3;63;Bombus_terrestris;Bombus;2;Hainich;HEG07;bee_leg_pollen;2020;bee_leg_pollen;aim;;;;;;;;
ITS2_susy4pAB;AIM20201006NGSeco-A-064-E035;AIM20201006NGSeco-A-064-E035;Z_058;4;64;Bombus_terrestris;Bombus;2;Hainich;HEG08;bee_leg_pollen;2020;bee_leg_pollen;aim;;;;;;;;
ITS2_susy4pAB;AIM20201006NGSeco-A-065-E035;AIM20201006NGSeco-A-065-E035;Z_059;12;65;Bombus_terrestris;Bombus;2;Hainich;HEG09;bee_leg_pollen;2020;bee_leg_pollen;aim;;;;;;;;
ITS2_susy4pAB;Z-212B-S138;Z-212B;Z_212B;7;;Apis_mellifera;Apis;3;Belgium;BELAS;bee_leg_pollen;2021;bee_leg_pollen;susi_ale;;;;;;;;
ITS2_susy4pAB;AIM20201006NGSeco-A-067-E035;AIM20201006NGSeco-A-067-E035;Z_061A;10;67;Bombus_terrestris;Bombus;2;Schorfheide;SEG16;bee_leg_pollen;2020;bee_leg_pollen;aim;;;;;;;;
ITS2_susy4pAB;AIM20201006NGSeco-A-068-E035;AIM20201006NGSeco-A-068-E035;Z_061B;10;68;Bombus_terrestris;Bombus;2;Schorfheide;SEG16;bee_leg_pollen;2020;bee_leg_pollen;aim;;;;;;;;
ITS2_susy4pAB;AIM20201006NGSeco-A-069-E035;AIM20201006NGSeco-A-069-E035;Z_061C;7;69;Bombus_terrestris;Bombus;2;Schorfheide;SEG16;bee_leg_pollen;2020;bee_leg_pollen;aim;;;;;;;;
ITS2_susy4pAB;AIM20201006NGSeco-A-070-E035;AIM20201006NGSeco-A-070-E035;Z_062A;10;70;Bombus_terrestris;Bombus;2;Schorfheide;SEG03;bee_leg_pollen;2020;bee_leg_pollen;aim;;;;;;;;
ITS2_susy4pAB;AIM20201006NGSeco-A-071-E035;AIM20201006NGSeco-A-071-E035;Z_062B;10;71;Bombus_terrestris;Bombus;2;Schorfheide;SEG03;bee_leg_pollen;2020;bee_leg_pollen;aim;;;;;;;;
ITS2_susy4pAB;AIM20201006NGSeco-A-072-E035;AIM20201006NGSeco-A-072-E035;Z_062C;10;72;Bombus_terrestris;Bombus;2;Schorfheide;SEG03;bee_leg_pollen;2020;bee_leg_pollen;aim;;;;;;;;
ITS2_susy4pAB;AIM20201006NGSeco-A-073-E035;AIM20201006NGSeco-A-073-E035;Z_062D;12;73;Bombus_terrestris;Bombus;2;Schorfheide;SEG03;bee_leg_pollen;2020;bee_leg_pollen;aim;;;;;;;;
ITS2_susy4pAB;AIM20201006NGSeco-A-074-E035;AIM20201006NGSeco-A-074-E035;Z_063A;11;74;Bombus_terrestris;Bombus;2;Schorfheide;SEG04;bee_leg_pollen;2020;bee_leg_pollen;aim;;;;;;;;
ITS2_susy4pAB;AIM20201006NGSeco-A-075-E035;AIM20201006NGSeco-A-075-E035;Z_063B;12;75;Bombus_terrestris;Bombus;2;Schorfheide;SEG04;bee_leg_pollen;2020;bee_leg_pollen;aim;;;;;;;;
ITS2_susy4pAB;AIM20201006NGSeco-A-076-E035;AIM20201006NGSeco-A-076-E035;Z_064;4;76;Bombus_terrestris;Bombus;2;Schorfheide;SEG46;bee_leg_pollen;2020;bee_leg_pollen;aim;;;;;;;;
ITS2_susy4pAB;AIM20201006NGSeco-A-077-E035;AIM20201006NGSeco-A-077-E035;Z_065;4;77;Bombus_terrestris;Bombus;2;Schorfheide;SEG05;bee_leg_pollen;2020;bee_leg_pollen;aim;;;;;;;;
ITS2_susy4pAB;AIM20201006NGSeco-A-078-E035;AIM20201006NGSeco-A-078-E035;Z_066;3;78;Bombus_hortorum;Bombus;1;Alb;AEG03;bee_leg_pollen;2020;bee_leg_pollen;aim;;;;;;;;
ITS2_susy4pAB;AIM20201006NGSeco-A-079-E035;AIM20201006NGSeco-A-079-E035;Z_067;5;79;Bombus_hortorum;Bombus;2;Hainich;HEG42;bee_leg_pollen;2020;bee_leg_pollen;aim;;;;;;;;
ITS2_susy4pAB;AIM20201006NGSeco-A-080-E035;AIM20201006NGSeco-A-080-E035;Z_068;3;80;Bombus_hortorum;Bombus;2;Hainich;HEG08;bee_leg_pollen;2020;bee_leg_pollen;aim;;;;;;;;
ITS2_susy4pAB;AIM20201006NGSeco-A-081-E035;AIM20201006NGSeco-A-081-E035;Z_069;3;81;Bombus_pascuorum;Bombus;1;Alb;AEG41;bee_leg_pollen;2020;bee_leg_pollen;aim;;;;;;;;
ITS2_susy4pAB;Z-213-S139;Z-213;Z_213;3;;Bombus_pascuorum;Bombus;3;Belgium;BELAS;bee_leg_pollen;2021;bee_leg_pollen;susi_ale;;;;;;;;
ITS2_susy4pAB;Z-214-S140;Z-214;Z_214;6;;Bombus_pratorum;Bombus;3;Belgium;BELAS;bee_leg_pollen;2021;bee_leg_pollen;susi_ale;;;;;;;;
ITS2_susy4pAB;Z-215-S141;Z-215;Z_215;4;;Bombus_terrestris;Bombus;3;Belgium;BELAS;bee_leg_pollen;2021;bee_leg_pollen;susi_ale;;;;;;;;
ITS2_susy4pAB;Z-216-S142;Z-216;Z_216;5;;Halictus_scabiosae;Halictus;3;Belgium;BELAS;bee_leg_pollen;2021;bee_leg_pollen;susi_ale;;;;;;;;
ITS2_susy4pAB;AIM20201006NGSeco-A-086-E035;AIM20201006NGSeco-A-086-E035;Z_074;4;86;Bombus_pascuorum;Bombus;2;Alb;AEG01;bee_leg_pollen;2020;bee_leg_pollen;aim;;;;;;;;
ITS2_susy4pAB;AIM20201006NGSeco-A-087-E035;AIM20201006NGSeco-A-087-E035;Z_075;10;87;Bombus_pascuorum;Bombus;2;Alb;AEG11;bee_leg_pollen;2020;bee_leg_pollen;aim;;;;;;;;
ITS2_susy4pAB;AIM20201006NGSeco-A-088-E035;AIM20201006NGSeco-A-088-E035;Z_076;9;88;Bombus_pascuorum;Bombus;2;Alb;AEG24;bee_leg_pollen;2020;bee_leg_pollen;aim;;;;;;;;
ITS2_susy4pAB;AIM20201006NGSeco-A-089-E035;AIM20201006NGSeco-A-089-E035;Z_077;3;89;Bombus_pascuorum;Bombus;2;Alb;AEG32;bee_leg_pollen;2020;bee_leg_pollen;aim;;;;;;;;
ITS2_susy4pAB;AIM20201006NGSeco-A-090-E035;AIM20201006NGSeco-A-090-E035;Z_078;7;90;Bombus_pascuorum;Bombus;2;Alb;AEG36;bee_leg_pollen;2020;bee_leg_pollen;aim;;;;;;;;
ITS2_susy4pAB;AIM20201006NGSeco-A-091-E035;AIM20201006NGSeco-A-091-E035;Z_079;10;91;Bombus_pascuorum;Bombus;2;Alb;AEG04;bee_leg_pollen;2020;bee_leg_pollen;aim;;;;;;;;
ITS2_susy4pAB;AIM20201006NGSeco-A-092-E035;AIM20201006NGSeco-A-092-E035;Z_080A;11;92;Bombus_pascuorum;Bombus;2;Alb;AEG46;bee_leg_pollen;2020;bee_leg_pollen;aim;;;;;;;;
ITS2_susy4pAB;AIM20201006NGSeco-A-093-E035;AIM20201006NGSeco-A-093-E035;Z_080B;11;93;Bombus_pascuorum;Bombus;2;Alb;AEG46;bee_leg_pollen;2020;bee_leg_pollen;aim;;;;;;;;
ITS2_susy4pAB;AIM20201006NGSeco-A-094-E035;AIM20201006NGSeco-A-094-E035;Z_081;3;94;Bombus_pascuorum;Bombus;2;Alb;AEG06;bee_leg_pollen;2020;bee_leg_pollen;aim;;;;;;;;
ITS2_susy4pAB;AIM244;AIM244;Z_082A;7;95;Bombus_pascuorum;Bombus;2;Alb;AEG07;bee_leg_pollen;2020;bee_leg_pollen;aim;;;;;;;;
ITS2_susy4pAB;AIM248;AIM248;Z_082B;6;96;Bombus_pascuorum;Bombus;2;Alb;AEG07;bee_leg_pollen;2020;bee_leg_pollen;aim;;;;;;;;
ITS2_susy4pAB;AIM249;AIM249;Z_083;3;97;Bombus_pascuorum;Bombus;2;Alb;AEG09;bee_leg_pollen;2020;bee_leg_pollen;aim;;;;;;;;
ITS2_susy4pAB;Z-317-S158;Z-317;Z_317;4;;Andrena_labialis;Andrena;4;Belgium;BELAS;bee_leg_pollen;2021;bee_leg_pollen;susi_ale;;;;;;;;
ITS2_susy4pAB;Z-318-S225;Z-318;Z_318;5;;Apis_mellifera;Apis;4;Belgium;BELAS;bee_leg_pollen;2021;bee_leg_pollen;susi_ale;;;;;;;;
ITS2_susy4pAB;Z-319-S160;Z-319;Z_319;3;;Bombus_pascuorum;Bombus;4;Belgium;BELAS;bee_leg_pollen;2021;bee_leg_pollen;susi_ale;;;;;;;;
ITS2_susy4pAB;AIM253;AIM253;Z_087;7;101;Bombus_pascuorum;Bombus;2;Hainich;HEG14;bee_leg_pollen;2020;bee_leg_pollen;aim;;;;;;;;
ITS2_susy4pAB;AIM254;AIM254;Z_088;10;102;Bombus_pascuorum;Bombus;2;Hainich;HEG50;bee_leg_pollen;2020;bee_leg_pollen;aim;;;;;;;;
ITS2_susy4pAB;AIM255;AIM255;Z_089A;8;103;Bombus_pascuorum;Bombus;2;Hainich;HEG07;bee_leg_pollen;2020;bee_leg_pollen;aim;;;;;;;;
ITS2_susy4pAB;AIM256;AIM256;Z_089B;8;104;Bombus_pascuorum;Bombus;2;Hainich;HEG07;bee_leg_pollen;2020;bee_leg_pollen;aim;;;;;;;;
ITS2_susy4pAB;AIM257;AIM257;Z_090;4;105;Bombus_pascuorum;Bombus;2;Hainich;HEG08;bee_leg_pollen;2020;bee_leg_pollen;aim;;;;;;;;
ITS2_susy4pAB;Z-320-S161;Z-320;Z_320;9;;Halictus_scabiosae;Halictus;4;Belgium;BELAS;bee_leg_pollen;2021;bee_leg_pollen;susi_ale;;;;;;;;
ITS2_susy4pAB;AIM20201006NGSeco-A-082-E035;AIM20201006NGSeco-A-082-E035;Z_070;3;82;Bombus_pascuorum;Bombus;1;Belgium;BELDB;bee_leg_pollen;2020;bee_leg_pollen;aim;;;;;;;;
ITS2_susy4pAB;AIM318;AIM318;Z_145;3;164;Lasioglossum_malachurum;Lasioglossum;2;Belgium;BELDB;bee_leg_pollen;2020;bee_leg_pollen;aim;;;;;;;;
ITS2_susy4pAB;AIM261;AIM261;Z_094;3;109;Bombus_pascuorum;Bombus;2;Schorfheide;SEG16;bee_leg_pollen;2020;bee_leg_pollen;aim;;;;;;;;
ITS2_susy4pAB;Z-217A-S143;Z-217A;Z_217A;7;;Andrena_haemorrhoa;Andrena;3;Belgium;BELDB;bee_leg_pollen;2021;bee_leg_pollen;susi_ale;;;;;;;;
ITS2_susy4pAB;AIM265;AIM265;Z_096;6;113;Andrena_cineraria;Andrena;1;Hainich;HEG15;bee_leg_pollen;2020;bee_leg_pollen;aim;;;;;;;;
ITS2_susy4pAB;AIM266;AIM266;Z_097;6;114;Andrena_flavipes;Andrena;1;Schorfheide;SEG05;bee_leg_pollen;2020;bee_leg_pollen;aim;;;;;;;;
ITS2_susy4pAB;AIM267;AIM267;Z_098;8;115;Andrena_florivaga;Andrena;1;Alb;AEG03;bee_leg_pollen;2020;bee_leg_pollen;aim;;;;;;;;
ITS2_susy4pAB;AIM269;AIM269;Z_099A;7;116;Andrena_fulvago;Andrena;1;Alb;AEG12;bee_leg_pollen;2020;bee_leg_pollen;aim;;;;;;;;
ITS2_susy4pAB;AIM270;AIM270;Z_099B;7;117;Andrena_fulvago;Andrena;1;Alb;AEG12;bee_leg_pollen;2020;bee_leg_pollen;aim;;;;;;;;
ITS2_susy4pAB;AIM271;AIM271;Z_100;3;118;Andrena_fulvago;Andrena;1;Alb;AEG03;bee_leg_pollen;2020;bee_leg_pollen;aim;;;;;;;;
ITS2_susy4pAB;Z-217B-S144;Z-217B;Z_217B;7;;Andrena_haemorrhoa;Andrena;3;Belgium;BELDB;bee_leg_pollen;2021;bee_leg_pollen;susi_ale;;;;;;;;
ITS2_susy4pAB;AIM273;AIM273;Z_102;4;120;Andrena_fulvago;Andrena;2;Alb;AEG03;bee_leg_pollen;2020;bee_leg_pollen;aim;;;;;;;;
ITS2_susy4pAB;AIM274;AIM274;Z_103;3;121;Andrena_gravida;Andrena;1;Schorfheide;SEG28;bee_leg_pollen;2020;bee_leg_pollen;aim;;;;;;;;
ITS2_susy4pAB;AIM275;AIM275;Z_104;7;122;Andrena_gravida;Andrena;1;Schorfheide;SEG43;bee_leg_pollen;2020;bee_leg_pollen;aim;;;;;;;;
ITS2_susy4pAB;AIM276;AIM276;Z_105;10;123;Andrena_gravida;Andrena;1;Schorfheide;SEG05;bee_leg_pollen;2020;bee_leg_pollen;aim;;;;;;;;
ITS2_susy4pAB;AIM277;AIM277;Z_106;6;124;Andrena_haemorrhoa;Andrena;1;Alb;AEG12;bee_leg_pollen;2020;bee_leg_pollen;aim;;;;;;;;
ITS2_susy4pAB;AIM278;AIM278;Z_107;4;125;Andrena_haemorrhoa;Andrena;1;Hainich;HEG15;bee_leg_pollen;2020;bee_leg_pollen;aim;;;;;;;;
ITS2_susy4pAB;AIM279;AIM279;Z_108;3;126;Andrena_haemorrhoa;Andrena;1;Hainich;HEG06;bee_leg_pollen;2020;bee_leg_pollen;aim;;;;;;;;
ITS2_susy4pAB;AIM280;AIM280;Z_109;4;127;Andrena_haemorrhoa;Andrena;1;Hainich;HEG08;bee_leg_pollen;2020;bee_leg_pollen;aim;;;;;;;;
ITS2_susy4pAB;AIM281;AIM281;Z_110;5;128;Andrena_haemorrhoa;Andrena;1;Schorfheide;SEG03;bee_leg_pollen;2020;bee_leg_pollen;aim;;;;;;;;
ITS2_susy4pAB;AIM282;AIM282;Z_111;5;129;Andrena_haemorrhoa;Andrena;1;Schorfheide;SEG44;bee_leg_pollen;2020;bee_leg_pollen;aim;;;;;;;;
ITS2_susy4pAB;AIM283;AIM283;Z_112A;7;130;Andrena_haemorrhoa;Andrena;1;Schorfheide;SEG05;bee_leg_pollen;2020;bee_leg_pollen;aim;;;;;;;;
ITS2_susy4pAB;AIM284;AIM284;Z_112B;7;131;Andrena_haemorrhoa;Andrena;1;Schorfheide;SEG05;bee_leg_pollen;2020;bee_leg_pollen;aim;;;;;;;;
ITS2_susy4pAB;AIM285;AIM285;Z_113;8;132;Andrena_haemorrhoa;Andrena;1;Schorfheide;SEG06;bee_leg_pollen;2020;bee_leg_pollen;aim;;;;;;;;
ITS2_susy4pAB;AIM286;AIM286;Z_114;3;133;Andrena_labialis;Andrena;2;Hainich;HEG35;bee_leg_pollen;2020;bee_leg_pollen;aim;;;;;;;;
ITS2_susy4pAB;AIM287;AIM287;Z_115;6;134;Andrena_nigroaenea;Andrena;1;Hainich;HEG15;bee_leg_pollen;2020;bee_leg_pollen;aim;;;;;;;;
ITS2_susy4pAB;AIM288;AIM288;Z_116;3;135;Andrena_nigroaenea;Andrena;1;Schorfheide;SEG01;bee_leg_pollen;2020;bee_leg_pollen;aim;;;;;;;;
ITS2_susy4pAB;AIM289;AIM289;Z_117;5;136;Andrena_nigroaenea;Andrena;1;Schorfheide;SEG02;bee_leg_pollen;2020;bee_leg_pollen;aim;;;;;;;;
ITS2_susy4pAB;AIM290;AIM290;Z_118;4;137;Andrena_nigroaenea;Andrena;1;Schorfheide;SEG28;bee_leg_pollen;2020;bee_leg_pollen;aim;;;;;;;;
ITS2_susy4pAB;AIM291;AIM291;Z_119;7;138;Andrena_nigroaenea;Andrena;1;Schorfheide;SEG03;bee_leg_pollen;2020;bee_leg_pollen;aim;;;;;;;;
ITS2_susy4pAB;AIM292;AIM292;Z_120;3;139;Andrena_nigroaenea;Andrena;1;Schorfheide;SEG05;bee_leg_pollen;2020;bee_leg_pollen;aim;;;;;;;;
ITS2_susy4pAB;AIM293;AIM293;Z_121;3;140;Andrena_nigroaenea;Andrena;1;Schorfheide;SEG06;bee_leg_pollen;2020;bee_leg_pollen;aim;;;;;;;;
ITS2_susy4pAB;AIM294;AIM294;Z_122;6;141;Andrena_nitida;Andrena;1;Alb;AEG03;bee_leg_pollen;2020;bee_leg_pollen;aim;;;;;;;;
ITS2_susy4pAB;AIM295;AIM295;Z_123;6;142;Andrena_nitida;Andrena;1;Hainich;HEG15;bee_leg_pollen;2020;bee_leg_pollen;aim;;;;;;;;
ITS2_susy4pAB;AIM296;AIM296;Z_124;3;143;Andrena_nitida;Andrena;1;Hainich;HEG05;bee_leg_pollen;2020;bee_leg_pollen;aim;;;;;;;;
ITS2_susy4pAB;AIM297;AIM297;Z_125;3;144;Andrena_thoracica;Andrena;1;Schorfheide;SEG02;bee_leg_pollen;2020;bee_leg_pollen;aim;;;;;;;;
ITS2_susy4pAB;AIM298;AIM298;Z_126;3;145;Andrena_thoracica;Andrena;1;Schorfheide;SEG05;bee_leg_pollen;2020;bee_leg_pollen;aim;;;;;;;;
ITS2_susy4pAB;AIM299;AIM299;Z_127;3;146;Bombus_lucorum;Bombus;1;Alb;AEG01;bee_leg_pollen;2020;bee_leg_pollen;aim;;;;;;;;
ITS2_susy4pAB;AIM300;AIM300;Z_128;3;147;Bombus_lucorum;Bombus;2;Alb;AEG24;bee_leg_pollen;2020;bee_leg_pollen;aim;;;;;;;;
ITS2_susy4pAB;AIM301;AIM301;Z_129;4;148;Bombus_lucorum;Bombus;2;Alb;AEG07;bee_leg_pollen;2020;bee_leg_pollen;aim;;;;;;;;
ITS2_susy4pAB;AIM302;AIM302;Z_130;6;149;Bombus_lucorum;Bombus;2;Hainich;HEG42;bee_leg_pollen;2020;bee_leg_pollen;aim;;;;;;;;
ITS2_susy4pAB;Z-218A-S49;Z-218A;Z_218A;6;;Apis_mellifera;Apis;3;Belgium;BELDB;bee_leg_pollen;2021;bee_leg_pollen;susi_ale;;;;;;;;
ITS2_susy4pAB;AIM305;AIM305;Z_132;4;151;Chelostoma_florisomne;Chelostoma;1;Schorfheide;SEG43;bee_leg_pollen;2020;bee_leg_pollen;aim;;;;;;;;
ITS2_susy4pAB;AIM306;AIM306;Z_133;3;152;Halictus_scabiosae;Halictus;1;Hainich;HEG02;bee_leg_pollen;2020;bee_leg_pollen;aim;;;;;;;;
ITS2_susy4pAB;AIM307;AIM307;Z_134;12;153;Halictus_simplex;Halictus;1;Alb;AEG41;bee_leg_pollen;2020;bee_leg_pollen;aim;;;;;;;;
ITS2_susy4pAB;AIM308;AIM308;Z_135;9;154;Halictus_simplex;Halictus;2;Hainich;HEG02;bee_leg_pollen;2020;bee_leg_pollen;aim;;;;;;;;
ITS2_susy4pAB;AIM309;AIM309;Z_136;3;155;Halictus_tumulorum;Halictus;1;Alb;AEG41;bee_leg_pollen;2020;bee_leg_pollen;aim;;;;;;;;
ITS2_susy4pAB;AIM310;AIM310;Z_137;3;156;Halictus_tumulorum;Halictus;2;Hainich;HEG02;bee_leg_pollen;2020;bee_leg_pollen;aim;;;;;;;;
ITS2_susy4pAB;AIM311;AIM311;Z_138;3;157;Lasioglossum_calceatum;Lasioglossum;1;Hainich;HEG06;bee_leg_pollen;2020;bee_leg_pollen;aim;;;;;;;;
ITS2_susy4pAB;AIM312;AIM312;Z_139;6;158;Lasioglossum_calceatum;Lasioglossum;1;Schorfheide;SEG43;bee_leg_pollen;2020;bee_leg_pollen;aim;;;;;;;;
ITS2_susy4pAB;AIM313;AIM313;Z_140;3;159;Lasioglossum_calceatum;Lasioglossum;2;Alb;AEG06;bee_leg_pollen;2020;bee_leg_pollen;aim;;;;;;;;
ITS2_susy4pAB;Z-218B-S50;Z-218B;Z_218B;6;;Apis_mellifera;Apis;3;Belgium;BELDB;bee_leg_pollen;2021;bee_leg_pollen;susi_ale;;;;;;;;
ITS2_susy4pAB;Z-219-S51;Z-219;Z_219;5;;Bombus_pascuorum;Bombus;3;Belgium;BELDB;bee_leg_pollen;2021;bee_leg_pollen;susi_ale;;;;;;;;
ITS2_susy4pAB;AIM316;AIM316;Z_143;6;162;Lasioglossum_leucozonium;Lasioglossum;2;Alb;AEG09;bee_leg_pollen;2020;bee_leg_pollen;aim;;;;;;;;
ITS2_susy4pAB;AIM317;AIM317;Z_144;3;163;Lasioglossum_malachurum;Lasioglossum;1;Schorfheide;SEG16;bee_leg_pollen;2020;bee_leg_pollen;aim;;;;;;;;
ITS2_susy4pAB;Z-321-S218;Z-321;Z_321;3;;Andrena_wilkella;Andrena;4;Belgium;BELDB;bee_leg_pollen;2021;bee_leg_pollen;susi_ale;;;;;;;;
ITS2_susy4pAB;AIM319;AIM319;Z_146;5;165;Lasioglossum_malachurum;Lasioglossum;2;Schorfheide;SEG16;bee_leg_pollen;2020;bee_leg_pollen;aim;;;;;;;;
ITS2_susy4pAB;AIM320;AIM320;Z_147;7;166;Lasioglossum_pauxillum;Lasioglossum;1;Alb;AEG21;bee_leg_pollen;2020;bee_leg_pollen;aim;;;;;;;;
ITS2_susy4pAB;AIM321;AIM321;Z_148;7;167;Lasioglossum_pauxillum;Lasioglossum;1;Alb;AEG24;bee_leg_pollen;2020;bee_leg_pollen;aim;;;;;;;;
ITS2_susy4pAB;AIM322;AIM322;Z_149;10;168;Lasioglossum_pauxillum;Lasioglossum;1;Alb;AEG03;bee_leg_pollen;2020;bee_leg_pollen;aim;;;;;;;;
ITS2_susy4pAB;AIM323;AIM323;Z_150;12;169;Lasioglossum_pauxillum;Lasioglossum;1;Alb;AEG41;bee_leg_pollen;2020;bee_leg_pollen;aim;;;;;;;;
ITS2_susy4pAB;AIM324;AIM324;Z_151;5;170;Lasioglossum_pauxillum;Lasioglossum;1;Hainich;HEG02;bee_leg_pollen;2020;bee_leg_pollen;aim;;;;;;;;
ITS2_susy4pAB;AIM325;AIM325;Z_152;3;171;Lasioglossum_pauxillum;Lasioglossum;1;Hainich;HEG06;bee_leg_pollen;2020;bee_leg_pollen;aim;;;;;;;;
ITS2_susy4pAB;Z-322-S163;Z-322;Z_322;7;;Bombus_pascuorum;Bombus;4;Belgium;BELDB;bee_leg_pollen;2021;bee_leg_pollen;susi_ale;;;;;;;;
ITS2_susy4pAB;AIM327;AIM327;Z_154;6;173;Lasioglossum_pauxillum;Lasioglossum;1;Schorfheide;SEG16;bee_leg_pollen;2020;bee_leg_pollen;aim;;;;;;;;
ITS2_susy4pAB;AIM328;AIM328;Z_155;6;174;Lasioglossum_pauxillum;Lasioglossum;1;Schorfheide;SEG28;bee_leg_pollen;2020;bee_leg_pollen;aim;;;;;;;;
ITS2_susy4pAB;AIM329;AIM329;Z_156;8;175;Lasioglossum_pauxillum;Lasioglossum;1;Schorfheide;SEG43;bee_leg_pollen;2020;bee_leg_pollen;aim;;;;;;;;
ITS2_susy4pAB;AIM330;AIM330;Z_157;3;176;Lasioglossum_pauxillum;Lasioglossum;2;Alb;AEG09;bee_leg_pollen;2020;bee_leg_pollen;aim;;;;;;;;
ITS2_susy4pAB;AIM331;AIM331;Z_158;3;177;Lasioglossum_pauxillum;Lasioglossum;2;Schorfheide;SEG01;bee_leg_pollen;2020;bee_leg_pollen;aim;;;;;;;;
ITS2_susy4pAB;AIM333;AIM333;Z_159;6;178;Lasioglossum_pauxillum;Lasioglossum;2;Schorfheide;SEG22;bee_leg_pollen;2020;bee_leg_pollen;aim;;;;;;;;
ITS2_susy4pAB;AIM334;AIM334;Z_160;4;179;Lasioglossum_pauxillum;Lasioglossum;2;Schorfheide;SEG42;bee_leg_pollen;2020;bee_leg_pollen;aim;;;;;;;;
ITS2_susy4pAB;AIM335;AIM335;Z_161;5;180;Lasioglossum_pauxillum;Lasioglossum;2;Schorfheide;SEG46;bee_leg_pollen;2020;bee_leg_pollen;aim;;;;;;;;
ITS2_susy4pAB;AIM20201006NGSeco-A-020-E035;AIM20201006NGSeco-A-020-E035;Z_018;4;20;Apis_mellifera;Apis;1;Belgium;BELDBE;bee_leg_pollen;2020;bee_leg_pollen;aim;;;;;;;;
ITS2_susy4pAB;AIM337;AIM337;Z_163;7;182;Lasioglossum_villosulum;Lasioglossum;2;Alb;AEG09;bee_leg_pollen;2020;bee_leg_pollen;aim;;;;;;;;
ITS2_susy4pAB;AIM338;AIM338;Z_164;3;183;Lasioglossum_villosulum;Lasioglossum;2;Schorfheide;SEG43;bee_leg_pollen;2020;bee_leg_pollen;aim;;;;;;;;
ITS2_susy4pAB;AIM339;AIM339;Z_165;4;184;Bombus_sylvarum;Bombus;2;Alb;AEG17;bee_leg_pollen;2020;bee_leg_pollen;aim;;;;;;;;
ITS2_susy4pAB;AIM196;AIM196;Z_166;3;185;Bombus_sylvarum;Bombus;2;Alb;AEG46;bee_leg_pollen;2020;bee_leg_pollen;aim;;;;;;;;
ITS2_susy4pAB;AIM197;AIM197;Z_167;4;186;Bombus_sylvarum;Bombus;2;Hainich;HEG14;bee_leg_pollen;2020;bee_leg_pollen;aim;;;;;;;;
ITS2_susy4pAB;AIM198;AIM198;Z_168;4;187;Bombus_sylvarum;Bombus;2;Schorfheide;SEG16;bee_leg_pollen;2020;bee_leg_pollen;aim;;;;;;;;
ITS2_susy4pAB;AIM199;AIM199;Z_169;3;188;Bombus_sylvarum;Bombus;2;Schorfheide;SEG03;bee_leg_pollen;2020;bee_leg_pollen;aim;;;;;;;;
ITS2_susy4pAB;AIM251;AIM251;Z_085;6;99;Bombus_pascuorum;Bombus;2;Belgium;BELDBE;bee_leg_pollen;2020;bee_leg_pollen;aim;;;;;;;;
ITS2_susy4pAB;AIM201;AIM201;Z_171;3;190;Bombus_humilis;Bombus;2;Alb;AEG17;bee_leg_pollen;2020;bee_leg_pollen;aim;;;;;;;;
ITS2_susy4pAB;AIM202;AIM202;Z_172;5;191;Halictus_subauratus;Halictus;2;Schorfheide;SEG42;bee_leg_pollen;2020;bee_leg_pollen;aim;;;;;;;;
ITS2_susy4pAB;AIM203;AIM203;Z_173;3;192;Halictus_subauratus;Halictus;2;Schorfheide;SEG43;bee_leg_pollen;2020;bee_leg_pollen;aim;;;;;;;;
ITS2_susy4pAB;AIM204;AIM204;Z_174;3;193;Halictus_subauratus;Halictus;2;Schorfheide;SEG44;bee_leg_pollen;2020;bee_leg_pollen;aim;;;;;;;;
ITS2_susy4pAB;AIM205;AIM205;Z_175;3;194;Trachusa_byssina;Trachusa;2;Schorfheide;SEG42;bee_leg_pollen;2020;bee_leg_pollen;aim;;;;;;;;
ITS2_susy4pAB;Z-176-S194;Z-176;Z_176;11;;Apis_mellifera;Apis;3;Alb;AEG01;bee_leg_pollen;2021;bee_leg_pollen;susi_ale;;;;;;;;
ITS2_susy4pAB;Z-177A-S2;Z-177A;Z_177A;10;;Andrena_haemorrhoa;Andrena;3;Alb;AEG12;bee_leg_pollen;2021;bee_leg_pollen;susi_ale;;;;;;;;
ITS2_susy4pAB;Z-177B-S3;Z-177B;Z_177B;10;;Andrena_haemorrhoa;Andrena;3;Alb;AEG12;bee_leg_pollen;2021;bee_leg_pollen;susi_ale;;;;;;;;
ITS2_susy4pAB;Z-178-S4;Z-178;Z_178;5;;Andrena_nitida;Andrena;3;Alb;AEG12;bee_leg_pollen;2021;bee_leg_pollen;susi_ale;;;;;;;;
ITS2_susy4pAB;Z-179-S5;Z-179;Z_179;6;;Andrena_haemorrhoa;Andrena;3;Alb;AEG17;bee_leg_pollen;2021;bee_leg_pollen;susi_ale;;;;;;;;
ITS2_susy4pAB;Z-180-S6;Z-180;Z_180;3;;Andrena_nitida;Andrena;3;Alb;AEG17;bee_leg_pollen;2021;bee_leg_pollen;susi_ale;;;;;;;;
ITS2_susy4pAB;Z-181-S7;Z-181;Z_181;11;;Apis_mellifera;Apis;3;Alb;AEG17;bee_leg_pollen;2021;bee_leg_pollen;susi_ale;;;;;;;;
ITS2_susy4pAB;Z-182-S212;Z-182;Z_182;4;;Andrena_nitida;Andrena;3;Alb;AEG21;bee_leg_pollen;2021;bee_leg_pollen;susi_ale;;;;;;;;
ITS2_susy4pAB;Z-183-S9;Z-183;Z_183;5;;Apis_mellifera;Apis;3;Alb;AEG21;bee_leg_pollen;2021;bee_leg_pollen;susi_ale;;;;;;;;
ITS2_susy4pAB;Z-184-S10;Z-184;Z_184;6;;Andrena_nitida;Andrena;3;Alb;AEG24;bee_leg_pollen;2021;bee_leg_pollen;susi_ale;;;;;;;;
ITS2_susy4pAB;Z-185-S11;Z-185;Z_185;12;;Apis_mellifera;Apis;3;Alb;AEG24;bee_leg_pollen;2021;bee_leg_pollen;susi_ale;;;;;;;;
ITS2_susy4pAB;Z-186-S12;Z-186;Z_186;9;;Andrena_haemorrhoa;Andrena;3;Alb;AEG03;bee_leg_pollen;2021;bee_leg_pollen;susi_ale;;;;;;;;
ITS2_susy4pAB;Z-187-S13;Z-187;Z_187;5;;Andrena_nitida;Andrena;3;Alb;AEG03;bee_leg_pollen;2021;bee_leg_pollen;susi_ale;;;;;;;;
ITS2_susy4pAB;Z-188A-S195;Z-188A;Z_188A;10;;Apis_mellifera;Apis;3;Alb;AEG03;bee_leg_pollen;2021;bee_leg_pollen;susi_ale;;;;;;;;
ITS2_susy4pAB;Z-188B-S15;Z-188B;Z_188B;10;;Apis_mellifera;Apis;3;Alb;AEG03;bee_leg_pollen;2021;bee_leg_pollen;susi_ale;;;;;;;;
ITS2_susy4pAB;Z-188C-S16;Z-188C;Z_188C;10;;Apis_mellifera;Apis;3;Alb;AEG03;bee_leg_pollen;2021;bee_leg_pollen;susi_ale;;;;;;;;
ITS2_susy4pAB;Z-188D-S17;Z-188D;Z_188D;9;;Apis_mellifera;Apis;3;Alb;AEG03;bee_leg_pollen;2021;bee_leg_pollen;susi_ale;;;;;;;;
ITS2_susy4pAB;Z-192-S18;Z-192;Z_192;11;;Andrena_haemorrhoa;Andrena;3;Alb;AEG04;bee_leg_pollen;2021;bee_leg_pollen;susi_ale;;;;;;;;
ITS2_susy4pAB;Z-193-S210;Z-193;Z_193;11;;Andrena_haemorrhoa;Andrena;3;Alb;AEG04;bee_leg_pollen;2021;bee_leg_pollen;susi_ale;;;;;;;;
ITS2_susy4pAB;Z-194-S20;Z-194;Z_194;11;;Andrena_haemorrhoa;Andrena;3;Alb;AEG04;bee_leg_pollen;2021;bee_leg_pollen;susi_ale;;;;;;;;
ITS2_susy4pAB;Z-195-S21;Z-195;Z_195;3;;Andrena_helvola;Andrena;3;Alb;AEG04;bee_leg_pollen;2021;bee_leg_pollen;susi_ale;;;;;;;;
ITS2_susy4pAB;Z-196-S22;Z-196;Z_196;8;;Apis_mellifera;Apis;3;Alb;AEG04;bee_leg_pollen;2021;bee_leg_pollen;susi_ale;;;;;;;;
ITS2_susy4pAB;Z-198-S23;Z-198;Z_198;10;;Andrena_haemorrhoa;Andrena;3;Alb;AEG46;bee_leg_pollen;2021;bee_leg_pollen;susi_ale;;;;;;;;
ITS2_susy4pAB;Z-199-S24;Z-199;Z_199;10;;Andrena_haemorrhoa;Andrena;3;Alb;AEG46;bee_leg_pollen;2021;bee_leg_pollen;susi_ale;;;;;;;;
ITS2_susy4pAB;Z-200-S121;Z-200;Z_200;11;;Andrena_haemorrhoa;Andrena;3;Alb;AEG46;bee_leg_pollen;2021;bee_leg_pollen;susi_ale;;;;;;;;
ITS2_susy4pAB;Z-201-S122;Z-201;Z_201;6;;Andrena_helvola;Andrena;3;Alb;AEG46;bee_leg_pollen;2021;bee_leg_pollen;susi_ale;;;;;;;;
ITS2_susy4pAB;Z-202A-S196;Z-202A;Z_202A;7;;Andrena_nitida;Andrena;3;Alb;AEG46;bee_leg_pollen;2021;bee_leg_pollen;susi_ale;;;;;;;;
ITS2_susy4pAB;Z-202B-S124;Z-202B;Z_202B;8;;Andrena_nitida;Andrena;3;Alb;AEG46;bee_leg_pollen;2021;bee_leg_pollen;susi_ale;;;;;;;;
ITS2_susy4pAB;Z-203A-S125;Z-203A;Z_203A;10;;Apis_mellifera;Apis;3;Alb;AEG46;bee_leg_pollen;2021;bee_leg_pollen;susi_ale;;;;;;;;
ITS2_susy4pAB;Z-203B-S209;Z-203B;Z_203B;10;;Apis_mellifera;Apis;3;Alb;AEG46;bee_leg_pollen;2021;bee_leg_pollen;susi_ale;;;;;;;;
ITS2_susy4pAB;Z-204-S127;Z-204;Z_204;7;;Andrena_cineraria;Andrena;3;Alb;AEG06;bee_leg_pollen;2021;bee_leg_pollen;susi_ale;;;;;;;;
ITS2_susy4pAB;Z-205-S128;Z-205;Z_205;9;;Andrena_haemorrhoa;Andrena;3;Alb;AEG06;bee_leg_pollen;2021;bee_leg_pollen;susi_ale;;;;;;;;
ITS2_susy4pAB;Z-206-S129;Z-206;Z_206;6;;Andrena_helvola;Andrena;3;Alb;AEG06;bee_leg_pollen;2021;bee_leg_pollen;susi_ale;;;;;;;;
ITS2_susy4pAB;Z-207A-S130;Z-207A;Z_207A;10;;Andrena_nitida;Andrena;3;Alb;AEG06;bee_leg_pollen;2021;bee_leg_pollen;susi_ale;;;;;;;;
ITS2_susy4pAB;Z-207B-S131;Z-207B;Z_207B;10;;Andrena_nitida;Andrena;3;Alb;AEG06;bee_leg_pollen;2021;bee_leg_pollen;susi_ale;;;;;;;;
ITS2_susy4pAB;Z-208-S132;Z-208;Z_208;10;;Apis_mellifera;Apis;3;Alb;AEG06;bee_leg_pollen;2021;bee_leg_pollen;susi_ale;;;;;;;;
ITS2_susy4pAB;Z-209A-S133;Z-209A;Z_209A;10;;Apis_mellifera;Apis;3;Alb;AEG08;bee_leg_pollen;2021;bee_leg_pollen;susi_ale;;;;;;;;
ITS2_susy4pAB;Z-209B-S134;Z-209B;Z_209B;7;;Apis_mellifera;Apis;3;Alb;AEG08;bee_leg_pollen;2021;bee_leg_pollen;susi_ale;;;;;;;;
ITS2_susy4pAB;Z-210-S135;Z-210;Z_210;3;;Halictus_tumulorum;Halictus;3;Alb;AEG09;bee_leg_pollen;2021;bee_leg_pollen;susi_ale;;;;;;;;
ITS2_susy4pAB;AIM315;AIM315;Z_142;3;161;Lasioglossum_lativentre;Lasioglossum;2;Belgium;BELDBE;bee_leg_pollen;2020;bee_leg_pollen;aim;;;;;;;;
ITS2_susy4pAB;Z-220-S207;Z-220;Z_220;4;;Andrena_angustior;Andrena;3;Belgium;BELDBE;bee_leg_pollen;2021;bee_leg_pollen;susi_ale;;;;;;;;
ITS2_susy4pAB;Z-221-S198;Z-221;Z_221;5;;Andrena_dorsata;Andrena;3;Belgium;BELDBE;bee_leg_pollen;2021;bee_leg_pollen;susi_ale;;;;;;;;
ITS2_susy4pAB;Z-222A-S54;Z-222A;Z_222A;10;;Andrena_haemorrhoa;Andrena;3;Belgium;BELDBE;bee_leg_pollen;2021;bee_leg_pollen;susi_ale;;;;;;;;
ITS2_susy4pAB;Z-222B-S55;Z-222B;Z_222B;10;;Andrena_haemorrhoa;Andrena;3;Belgium;BELDBE;bee_leg_pollen;2021;bee_leg_pollen;susi_ale;;;;;;;;
ITS2_susy4pAB;Z-222C-S56;Z-222C;Z_222C;5;;Andrena_haemorrhoa;Andrena;3;Belgium;BELDBE;bee_leg_pollen;2021;bee_leg_pollen;susi_ale;;;;;;;;
ITS2_susy4pAB;Z-223-S57;Z-223;Z_223;4;;Andrena_nitida;Andrena;3;Belgium;BELDBE;bee_leg_pollen;2021;bee_leg_pollen;susi_ale;;;;;;;;
ITS2_susy4pAB;Z-224A-S58;Z-224A;Z_224A;8;;Apis_mellifera;Apis;3;Belgium;BELDBE;bee_leg_pollen;2021;bee_leg_pollen;susi_ale;;;;;;;;
ITS2_susy4pAB;Z-224B-S59;Z-224B;Z_224B;8;;Apis_mellifera;Apis;3;Belgium;BELDBE;bee_leg_pollen;2021;bee_leg_pollen;susi_ale;;;;;;;;
ITS2_susy4pAB;Z-225-S60;Z-225;Z_225;3;;Bombus_terrestris;Bombus;3;Belgium;BELDBE;bee_leg_pollen;2021;bee_leg_pollen;susi_ale;;;;;;;;
ITS2_susy4pAB;Z-226-S61;Z-226;Z_226;3;;Halictus_rubicundus;Halictus;3;Belgium;BELDBE;bee_leg_pollen;2021;bee_leg_pollen;susi_ale;;;;;;;;
ITS2_susy4pAB;Z-227-S62;Z-227;Z_227;6;;Lasioglossum_calceatum;Lasioglossum;3;Belgium;BELDBE;bee_leg_pollen;2021;bee_leg_pollen;susi_ale;;;;;;;;
ITS2_susy4pAB;Z-323-S164;Z-323;Z_323;3;;Andrena_angustior;Andrena;4;Belgium;BELDBE;bee_leg_pollen;2021;bee_leg_pollen;susi_ale;;;;;;;;
ITS2_susy4pAB;Z-324-S165;Z-324;Z_324;3;;Andrena_wilkella;Andrena;4;Belgium;BELDBE;bee_leg_pollen;2021;bee_leg_pollen;susi_ale;;;;;;;;
ITS2_susy4pAB;Z-325-S166;Z-325;Z_325;5;;Bombus_pascuorum;Bombus;4;Belgium;BELDBE;bee_leg_pollen;2021;bee_leg_pollen;susi_ale;;;;;;;;
ITS2_susy4pAB;AIM20201006NGSeco-A-019-E035;AIM20201006NGSeco-A-019-E035;Z_017;3;19;Apis_mellifera;Apis;2;Belgium;BELHB;bee_leg_pollen;2020;bee_leg_pollen;aim;;;;;;;;
ITS2_susy4pAB;AIM252;AIM252;Z_086;3;100;Bombus_pascuorum;Bombus;2;Belgium;BELHB;bee_leg_pollen;2020;bee_leg_pollen;aim;;;;;;;;
ITS2_susy4pAB;Z-228-S205;Z-228;Z_228;6;;Andrena_nitida;Andrena;3;Belgium;BELHB;bee_leg_pollen;2021;bee_leg_pollen;susi_ale;;;;;;;;
ITS2_susy4pAB;Z-229-S64;Z-229;Z_229;5;;Apis_mellifera;Apis;3;Belgium;BELHB;bee_leg_pollen;2021;bee_leg_pollen;susi_ale;;;;;;;;
ITS2_susy4pAB;Z-230-S65;Z-230;Z_230;6;;Lasioglossum_pauxillum;Lasioglossum;3;Belgium;BELHB;bee_leg_pollen;2021;bee_leg_pollen;susi_ale;;;;;;;;
ITS2_susy4pAB;Z-326-S167;Z-326;Z_326;5;;Apis_mellifera;Apis;4;Belgium;BELHB;bee_leg_pollen;2021;bee_leg_pollen;susi_ale;;;;;;;;
ITS2_susy4pAB;Z-327-S168;Z-327;Z_327;4;;Bombus_pascuorum;Bombus;4;Belgium;BELHB;bee_leg_pollen;2021;bee_leg_pollen;susi_ale;;;;;;;;
ITS2_susy4pAB;Z-328-S169;Z-328;Z_328;5;;Bombus_terrestris;Bombus;4;Belgium;BELHB;bee_leg_pollen;2021;bee_leg_pollen;susi_ale;;;;;;;;
ITS2_susy4pAB;Z-329-S224;Z-329;Z_329;3;;Lasioglossum_pauxillum;Lasioglossum;4;Belgium;BELHB;bee_leg_pollen;2021;bee_leg_pollen;susi_ale;;;;;;;;
ITS2_susy4pAB;AIM20201006NGSeco-A-066-E035;AIM20201006NGSeco-A-066-E035;Z_060;11;66;Bombus_terrestris;Bombus;2;Belgium;BELKH;bee_leg_pollen;2020;bee_leg_pollen;aim;;;;;;;;
ITS2_susy4pAB;AIM258;AIM258;Z_091;3;106;Bombus_pascuorum;Bombus;2;Belgium;BELKH;bee_leg_pollen;2020;bee_leg_pollen;aim;;;;;;;;
ITS2_susy4pAB;Z-231-S199;Z-231;Z_231;5;;Andrena_cineraria;Andrena;3;Hainich;HEG03;bee_leg_pollen;2021;bee_leg_pollen;susi_ale;;;;;;;;
ITS2_susy4pAB;Z-232-S67;Z-232;Z_232;8;;Andrena_haemorrhoa;Andrena;3;Hainich;HEG42;bee_leg_pollen;2021;bee_leg_pollen;susi_ale;;;;;;;;
ITS2_susy4pAB;Z-233-S68;Z-233;Z_233;4;;Andrena_nitida;Andrena;3;Hainich;HEG42;bee_leg_pollen;2021;bee_leg_pollen;susi_ale;;;;;;;;
ITS2_susy4pAB;Z-234-S69;Z-234;Z_234;3;;Andrena_haemorrhoa;Andrena;3;Hainich;HEG47;bee_leg_pollen;2021;bee_leg_pollen;susi_ale;;;;;;;;
ITS2_susy4pAB;Z-235A-S70;Z-235A;Z_235A;10;;Andrena_nitida;Andrena;3;Hainich;HEG47;bee_leg_pollen;2021;bee_leg_pollen;susi_ale;;;;;;;;
ITS2_susy4pAB;Z-235B-S71;Z-235B;Z_235B;8;;Andrena_nitida;Andrena;3;Hainich;HEG47;bee_leg_pollen;2021;bee_leg_pollen;susi_ale;;;;;;;;
ITS2_susy4pAB;Z-236-S72;Z-236;Z_236;3;;Apis_mellifera;Apis;3;Hainich;HEG05;bee_leg_pollen;2021;bee_leg_pollen;susi_ale;;;;;;;;
ITS2_susy4pAB;Z-237-S73;Z-237;Z_237;3;;Apis_mellifera;Apis;3;Hainich;HEG06;bee_leg_pollen;2021;bee_leg_pollen;susi_ale;;;;;;;;
ITS2_susy4pAB;Z-238-S204;Z-238;Z_238;11;;Andrena_haemorrhoa;Andrena;3;Hainich;HEG07;bee_leg_pollen;2021;bee_leg_pollen;susi_ale;;;;;;;;
ITS2_susy4pAB;Z-239-S75;Z-239;Z_239;10;;Andrena_nitida;Andrena;3;Hainich;HEG07;bee_leg_pollen;2021;bee_leg_pollen;susi_ale;;;;;;;;
ITS2_susy4pAB;Z-240-S76;Z-240;Z_240;7;;Apis_mellifera;Apis;3;Hainich;HEG07;bee_leg_pollen;2021;bee_leg_pollen;susi_ale;;;;;;;;
ITS2_susy4pAB;Z-241A-S77;Z-241A;Z_241A;7;;Andrena_haemorrhoa;Andrena;3;Hainich;HEG08;bee_leg_pollen;2021;bee_leg_pollen;susi_ale;;;;;;;;
ITS2_susy4pAB;Z-241B-S78;Z-241B;Z_241B;7;;Andrena_haemorrhoa;Andrena;3;Hainich;HEG08;bee_leg_pollen;2021;bee_leg_pollen;susi_ale;;;;;;;;
ITS2_susy4pAB;Z-242-S201;Z-242;Z_242;3;;Andrena_minutula;Andrena;3;Hainich;HEG08;bee_leg_pollen;2021;bee_leg_pollen;susi_ale;;;;;;;;
ITS2_susy4pAB;Z-243-S80;Z-243;Z_243;9;;Andrena_nitida;Andrena;3;Hainich;HEG08;bee_leg_pollen;2021;bee_leg_pollen;susi_ale;;;;;;;;
ITS2_susy4pAB;Z-244-S81;Z-244;Z_244;3;;Andrena_haemorrhoa;Andrena;3;Belgium;BELKH;bee_leg_pollen;2021;bee_leg_pollen;susi_ale;;;;;;;;
ITS2_susy4pAB;Z-245-S82;Z-245;Z_245;6;;Bombus_terrestris;Bombus;3;Belgium;BELKH;bee_leg_pollen;2021;bee_leg_pollen;susi_ale;;;;;;;;
ITS2_susy4pAB;Z-356-S202;Z-356;Z_356;3;;Andrena_fulvago;Andrena;4;Belgium;BELKH;bee_leg_pollen;2021;bee_leg_pollen;susi_ale;;;;;;;;
ITS2_susy4pAB;Z-357-S203;Z-357;Z_357;4;;Bombus_pascuorum;Bombus;4;Belgium;BELKH;bee_leg_pollen;2021;bee_leg_pollen;susi_ale;;;;;;;;
ITS2_susy4pAB;Z-358-S204;Z-358;Z_358;7;;Bombus_terrestris;Bombus;4;Belgium;BELKH;bee_leg_pollen;2021;bee_leg_pollen;susi_ale;;;;;;;;
ITS2_susy4pAB;Z-359-S205;Z-359;Z_359;3;;Lasioglossum_villosulum;Lasioglossum;4;Belgium;BELKH;bee_leg_pollen;2021;bee_leg_pollen;susi_ale;;;;;;;;
ITS2_susy4pAB;AIM20201006NGSeco-A-083-E035;AIM20201006NGSeco-A-083-E035;Z_071;4;83;Bombus_pascuorum;Bombus;1;Belgium;BELMJ;bee_leg_pollen;2020;bee_leg_pollen;aim;;;;;;;;
ITS2_susy4pAB;AIM259;AIM259;Z_092;5;107;Bombus_pascuorum;Bombus;2;Belgium;BELMJ;bee_leg_pollen;2020;bee_leg_pollen;aim;;;;;;;;
ITS2_susy4pAB;AIM264;AIM264;Z_095;3;112;Bombus_lapidarius;Bombus;2;Belgium;BELMJ;bee_leg_pollen;2020;bee_leg_pollen;aim;;;;;;;;
ITS2_susy4pAB;AIM336;AIM336;Z_162;3;181;Lasioglossum_villosulum;Lasioglossum;1;Belgium;BELMJ;bee_leg_pollen;2020;bee_leg_pollen;aim;;;;;;;;
ITS2_susy4pAB;AIM200;AIM200;Z_170;10;189;Andrena_bicolor;Andrena;2;Belgium;BELMJ;bee_leg_pollen;2020;bee_leg_pollen;aim;;;;;;;;
ITS2_susy4pAB;Z-246-S83;Z-246;Z_246;3;;Andrena_gravida;Andrena;3;Belgium;BELMJ;bee_leg_pollen;2021;bee_leg_pollen;susi_ale;;;;;;;;
ITS2_susy4pAB;Z-247A-S84;Z-247A;Z_247A;7;;Andrena_haemorrhoa;Andrena;3;Belgium;BELMJ;bee_leg_pollen;2021;bee_leg_pollen;susi_ale;;;;;;;;
ITS2_susy4pAB;Z-247B-S203;Z-247B;Z_247B;6;;Andrena_haemorrhoa;Andrena;3;Belgium;BELMJ;bee_leg_pollen;2021;bee_leg_pollen;susi_ale;;;;;;;;
ITS2_susy4pAB;Z-248-S86;Z-248;Z_248;8;;Apis_mellifera;Apis;3;Belgium;BELMJ;bee_leg_pollen;2021;bee_leg_pollen;susi_ale;;;;;;;;
ITS2_susy4pAB;Z-249-S87;Z-249;Z_249;11;;Halictus_scabiosae;Halictus;3;Belgium;BELMJ;bee_leg_pollen;2021;bee_leg_pollen;susi_ale;;;;;;;;
ITS2_susy4pAB;Z-360-S265;Z-360;Z_360;4;;Bombus_terrestris;Bombus;4;Belgium;BELMJ;bee_leg_pollen;2021;bee_leg_pollen;susi_ale;;;;;;;;
ITS2_susy4pAB;Z-361-S207;Z-361;Z_361;3;;Halictus_scabiosae;Halictus;4;Belgium;BELMJ;bee_leg_pollen;2021;bee_leg_pollen;susi_ale;;;;;;;;
ITS2_susy4pAB;Z-261-S99;Z-261;Z_261;4;;Andrena_alfkenella;Andrena;3;Schorfheide;SEG13;bee_leg_pollen;2021;bee_leg_pollen;susi_ale;;;;;;;;
ITS2_susy4pAB;Z-262-S100;Z-262;Z_262;3;;Apis_mellifera;Apis;3;Schorfheide;SEG13;bee_leg_pollen;2021;bee_leg_pollen;susi_ale;;;;;;;;
ITS2_susy4pAB;Z-263-S101;Z-263;Z_263;6;;Lasioglossum_malachurum;Lasioglossum;3;Schorfheide;SEG15;bee_leg_pollen;2021;bee_leg_pollen;susi_ale;;;;;;;;
ITS2_susy4pAB;Z-264A-S102;Z-264A;Z_264A;8;;Lasioglossum_pauxillum;Lasioglossum;3;Schorfheide;SEG15;bee_leg_pollen;2021;bee_leg_pollen;susi_ale;;;;;;;;
ITS2_susy4pAB;Z-264B-S103;Z-264B;Z_264B;6;;Lasioglossum_pauxillum;Lasioglossum;3;Schorfheide;SEG15;bee_leg_pollen;2021;bee_leg_pollen;susi_ale;;;;;;;;
ITS2_susy4pAB;Z-265-S230;Z-265;Z_265;3;;Lasioglossum_calceatum;Lasioglossum;3;Schorfheide;SEG16;bee_leg_pollen;2021;bee_leg_pollen;susi_ale;;;;;;;;
ITS2_susy4pAB;Z-266-S105;Z-266;Z_266;3;;Lasioglossum_pauxillum;Lasioglossum;3;Schorfheide;SEG16;bee_leg_pollen;2021;bee_leg_pollen;susi_ale;;;;;;;;
ITS2_susy4pAB;Z-267-S106;Z-267;Z_267;6;;Lasioglossum_calceatum;Lasioglossum;3;Schorfheide;SEG28;bee_leg_pollen;2021;bee_leg_pollen;susi_ale;;;;;;;;
ITS2_susy4pAB;Z-268-S107;Z-268;Z_268;9;;Andrena_haemorrhoa;Andrena;3;Schorfheide;SEG03;bee_leg_pollen;2021;bee_leg_pollen;susi_ale;;;;;;;;
ITS2_susy4pAB;Z-269-S108;Z-269;Z_269;3;;Lasioglossum_malachurum;Lasioglossum;3;Schorfheide;SEG03;bee_leg_pollen;2021;bee_leg_pollen;susi_ale;;;;;;;;
ITS2_susy4pAB;Z-270-S109;Z-270;Z_270;6;;Apis_mellifera;Apis;3;Schorfheide;SEG35;bee_leg_pollen;2021;bee_leg_pollen;susi_ale;;;;;;;;
ITS2_susy4pAB;Z-271-S214;Z-271;Z_271;9;;Lasioglossum_pauxillum;Lasioglossum;3;Schorfheide;SEG35;bee_leg_pollen;2021;bee_leg_pollen;susi_ale;;;;;;;;
ITS2_susy4pAB;Z-272-S111;Z-272;Z_272;5;;Andrena_gravida;Andrena;3;Schorfheide;SEG38;bee_leg_pollen;2021;bee_leg_pollen;susi_ale;;;;;;;;
ITS2_susy4pAB;Z-273-S112;Z-273;Z_273;8;;Andrena_haemorrhoa;Andrena;3;Schorfheide;SEG38;bee_leg_pollen;2021;bee_leg_pollen;susi_ale;;;;;;;;
ITS2_susy4pAB;Z-274-S113;Z-274;Z_274;11;;Halictus_rubicundus;Halictus;3;Schorfheide;SEG38;bee_leg_pollen;2021;bee_leg_pollen;susi_ale;;;;;;;;
ITS2_susy4pAB;Z-275-S114;Z-275;Z_275;4;;Osmia_bicornis;Osmia;3;Schorfheide;SEG38;bee_leg_pollen;2021;bee_leg_pollen;susi_ale;;;;;;;;
ITS2_susy4pAB;Z-276-S229;Z-276;Z_276;5;;Apis_mellifera;Apis;3;Schorfheide;SEG04;bee_leg_pollen;2021;bee_leg_pollen;susi_ale;;;;;;;;
ITS2_susy4pAB;Z-277-S116;Z-277;Z_277;3;;Halictus_tumulorum;Halictus;3;Schorfheide;SEG40;bee_leg_pollen;2021;bee_leg_pollen;susi_ale;;;;;;;;
ITS2_susy4pAB;Z-278-S117;Z-278;Z_278;12;;Lasioglossum_pauxillum;Lasioglossum;3;Schorfheide;SEG40;bee_leg_pollen;2021;bee_leg_pollen;susi_ale;;;;;;;;
ITS2_susy4pAB;Z-279-S118;Z-279;Z_279;4;;Andrena_gravida;Andrena;3;Schorfheide;SEG42;bee_leg_pollen;2021;bee_leg_pollen;susi_ale;;;;;;;;
ITS2_susy4pAB;Z-280-S119;Z-280;Z_280;6;;Lasioglossum_calceatum;Lasioglossum;3;Schorfheide;SEG42;bee_leg_pollen;2021;bee_leg_pollen;susi_ale;;;;;;;;
ITS2_susy4pAB;Z-281-S120;Z-281;Z_281;4;;Lasioglossum_pauxillum;Lasioglossum;3;Schorfheide;SEG42;bee_leg_pollen;2021;bee_leg_pollen;susi_ale;;;;;;;;
ITS2_susy4pAB;Z-282-S25;Z-282;Z_282;5;;Andrena_flavipes;Andrena;3;Schorfheide;SEG46;bee_leg_pollen;2021;bee_leg_pollen;susi_ale;;;;;;;;
ITS2_susy4pAB;Z-283-S26;Z-283;Z_283;4;;Apis_mellifera;Apis;3;Schorfheide;SEG46;bee_leg_pollen;2021;bee_leg_pollen;susi_ale;;;;;;;;
ITS2_susy4pAB;Z-284A-S215;Z-284A;Z_284A;11;;Lasioglossum_pauxillum;Lasioglossum;3;Schorfheide;SEG46;bee_leg_pollen;2021;bee_leg_pollen;susi_ale;;;;;;;;
ITS2_susy4pAB;Z-284B-S28;Z-284B;Z_284B;12;;Lasioglossum_pauxillum;Lasioglossum;3;Schorfheide;SEG46;bee_leg_pollen;2021;bee_leg_pollen;susi_ale;;;;;;;;
ITS2_susy4pAB;Z-285-S29;Z-285;Z_285;12;;Anthophora_plumipes;Anthophora;3;Schorfheide;SEG07;bee_leg_pollen;2021;bee_leg_pollen;susi_ale;;;;;;;;
ITS2_susy4pAB;Z-362-S208;Z-362;Z_362;4;;Lasioglossum_leucozonium;Lasioglossum;4;Belgium;BELMJ;bee_leg_pollen;2021;bee_leg_pollen;susi_ale;;;;;;;;
ITS2_susy4pAB;Bi-P1718104;Bi-P1718104;Bi-P1718104;NA;;Osmia caerulescens;Osmia;NA;NA;NA;reed_pollen;2017;reed_pollen;birte;;;;;;;;
ITS2_susy4pAB;E01P-C6-S30;E01P-C6;E01P-C6;NA;;Control;Control;NA;NA;NA;pos_con;NA;reed_pollen;susi_ale;NA;NA;;;;NA;Run_01;C6
ITS2_susy4pAB;E01WP-F6-S66;E01WP-F6;E01WP-F6;NA;;Control;Control;NA;NA;NA;neg_pcr_con;NA;reed_pollen;susi_ale;NA;NA;;;;NA;Run_01;F6
ITS2_susy4pAB;Z-289-S34;Z-289;Z_289;3;;Apis_mellifera;Apis;4;Alb;AEG14;bee_leg_pollen;2021;bee_leg_pollen;susi_ale;;;;;;;;
ITS2_susy4pAB;Z-290-S35;Z-290;Z_290;4;;Bombus_hortorum;Bombus;4;Alb;AEG14;bee_leg_pollen;2021;bee_leg_pollen;susi_ale;;;;;;;;
ITS2_susy4pAB;Z-292-S36;Z-292;Z_292;4;;Apis_mellifera;Apis;4;Alb;AEG17;bee_leg_pollen;2021;bee_leg_pollen;susi_ale;;;;;;;;
ITS2_susy4pAB;Z-293-S37;Z-293;Z_293;5;;Bombus_humilis;Bombus;4;Alb;AEG17;bee_leg_pollen;2021;bee_leg_pollen;susi_ale;;;;;;;;
ITS2_susy4pAB;Z-294-S38;Z-294;Z_294;2;;Bombus_sylvarum;Bombus;4;Alb;AEG17;bee_leg_pollen;2021;bee_leg_pollen;susi_ale;;;;;;;;
ITS2_susy4pAB;Z-295-S39;Z-295;Z_295;3;;Lasioglossum_leucozonium;Lasioglossum;4;Alb;AEG17;bee_leg_pollen;2021;bee_leg_pollen;susi_ale;;;;;;;;
ITS2_susy4pAB;Z-296-S216;Z-296;Z_296;3;;Lasioglossum_villosulum;Lasioglossum;4;Alb;AEG17;bee_leg_pollen;2021;bee_leg_pollen;susi_ale;;;;;;;;
ITS2_susy4pAB;Z-297-S227;Z-297;Z_297;4;;Apis_mellifera;Apis;4;Alb;AEG03;bee_leg_pollen;2021;bee_leg_pollen;susi_ale;;;;;;;;
ITS2_susy4pAB;Z-298-S42;Z-298;Z_298;4;;Megachilidae;Megachilidae;4;Schorfheide;SEG42;bee_leg_pollen;2021;bee_leg_pollen;susi_ale;;;;;;;;
ITS2_susy4pAB;Z-299-S43;Z-299;Z_299;8;;Bombus_lapidarius;Bombus;4;Alb;AEG03;bee_leg_pollen;2021;bee_leg_pollen;susi_ale;;;;;;;;
ITS2_susy4pAB;Z-300-S44;Z-300;Z_300;11;;Bombus_pascuorum;Bombus;4;Alb;AEG32;bee_leg_pollen;2021;bee_leg_pollen;susi_ale;;;;;;;;
ITS2_susy4pAB;Z-302-S45;Z-302;Z_302;10;;Bombus_pascuorum;Bombus;4;Alb;AEG35;bee_leg_pollen;2021;bee_leg_pollen;susi_ale;;;;;;;;
ITS2_susy4pAB;Z-303-S46;Z-303;Z_303;3;;Bombus_sylvarum;Bombus;4;Alb;AEG35;bee_leg_pollen;2021;bee_leg_pollen;susi_ale;;;;;;;;
ITS2_susy4pAB;Z-304-S47;Z-304;Z_304;3;;Eucera_nigrescens;Eucera;4;Alb;AEG37;bee_leg_pollen;2021;bee_leg_pollen;susi_ale;;;;;;;;
ITS2_susy4pAB;Z-305-S48;Z-305;Z_305;7;;Apis_mellifera;Apis;4;Alb;AEG04;bee_leg_pollen;2021;bee_leg_pollen;susi_ale;;;;;;;;
ITS2_susy4pAB;Z-306-S145;Z-306;Z_306;2;;Bombus_lapidarius;Bombus;4;Alb;AEG04;bee_leg_pollen;2021;bee_leg_pollen;susi_ale;;;;;;;;
ITS2_susy4pAB;Z-307-S146;Z-307;Z_307;10;;Bombus_pascuorum;Bombus;4;Alb;AEG04;bee_leg_pollen;2021;bee_leg_pollen;susi_ale;;;;;;;;
ITS2_susy4pAB;Z-308-S147;Z-308;Z_308;3;;Apis_mellifera;Apis;4;Alb;AEG06;bee_leg_pollen;2021;bee_leg_pollen;susi_ale;;;;;;;;
ITS2_susy4pAB;Z-309-S226;Z-309;Z_309;10;;Apis_mellifera;Apis;4;Alb;AEG07;bee_leg_pollen;2021;bee_leg_pollen;susi_ale;;;;;;;;
ITS2_susy4pAB;Z-310-S217;Z-310;Z_310;5;;Bombus_lapidarius;Bombus;4;Alb;AEG07;bee_leg_pollen;2021;bee_leg_pollen;susi_ale;;;;;;;;
ITS2_susy4pAB;Z-311-S150;Z-311;Z_311;8;;Bombus_humilis;Bombus;4;Alb;AEG08;bee_leg_pollen;2021;bee_leg_pollen;susi_ale;;;;;;;;
ITS2_susy4pAB;Z-312-S151;Z-312;Z_312;3;;Bombus_lapidarius;Bombus;4;Alb;AEG08;bee_leg_pollen;2021;bee_leg_pollen;susi_ale;;;;;;;;
ITS2_susy4pAB;Z-313A-S152;Z-313A;Z_313A;10;;Bombus_sylvarum;Bombus;4;Alb;AEG08;bee_leg_pollen;2021;bee_leg_pollen;susi_ale;;;;;;;;
ITS2_susy4pAB;Z-313B-S153;Z-313B;Z_313B;4;;Bombus_sylvarum;Bombus;4;Alb;AEG08;bee_leg_pollen;2021;bee_leg_pollen;susi_ale;;;;;;;;
ITS2_susy4pAB;Z-314-S154;Z-314;Z_314;4;;Lasioglossum_leucozonium;Lasioglossum;4;Alb;AEG09;bee_leg_pollen;2021;bee_leg_pollen;susi_ale;;;;;;;;
ITS2_susy4pAB;Z-315-S155;Z-315;Z_315;7;;Lasioglossum_pauxillum;Lasioglossum;4;Alb;AEG09;bee_leg_pollen;2021;bee_leg_pollen;susi_ale;;;;;;;;
ITS2_susy4pAB;Z-316A-S156;Z-316A;Z_316A;8;;Lasioglossum_villosulum;Lasioglossum;4;Alb;AEG09;bee_leg_pollen;2021;bee_leg_pollen;susi_ale;;;;;;;;
ITS2_susy4pAB;Z-316B-S157;Z-316B;Z_316B;5;;Lasioglossum_villosulum;Lasioglossum;4;Alb;AEG09;bee_leg_pollen;2021;bee_leg_pollen;susi_ale;;;;;;;;
ITS2_susy4pAB;E03P-C6-S222;E03P-C6;E03P-C6;NA;;Control;Control;NA;NA;NA;pos_con;NA;reed_pollen,stigma;susi_ale,anna;NA;NA;;;;NA;Run_01;C6
ITS2_susy4pAB;AIM263;AIM263;Z_045;5;111;Bombus_lapidarius;Bombus;2;Belgium;BELOP;bee_leg_pollen;2020;bee_leg_pollen;aim;;;;;;;;
ITS2_susy4pAB;AIM260;AIM260;Z_093;5;108;Bombus_pascuorum;Bombus;2;Belgium;BELOP;bee_leg_pollen;2020;bee_leg_pollen;aim;;;;;;;;
ITS2_susy4pAB;AIM304;AIM304;Z_131;3;150;Chelostoma_florisomne;Chelostoma;1;Belgium;BELOP;bee_leg_pollen;2020;bee_leg_pollen;aim;;;;;;;;
ITS2_susy4pAB;AIM314;AIM314;Z_141;3;160;Lasioglossum_lativentre;Lasioglossum;1;Belgium;BELOP;bee_leg_pollen;2020;bee_leg_pollen;aim;;;;;;;;
ITS2_susy4pAB;Z-250-S88;Z-250;Z_250;4;;Andrena_haemorrhoa;Andrena;3;Belgium;BELOP;bee_leg_pollen;2021;bee_leg_pollen;susi_ale;;;;;;;;
ITS2_susy4pAB;Z-251-S89;Z-251;Z_251;4;;Apis_mellifera;Apis;3;Belgium;BELOP;bee_leg_pollen;2021;bee_leg_pollen;susi_ale;;;;;;;;
ITS2_susy4pAB;Z-252-S90;Z-252;Z_252;5;;Bombus_pascuorum;Bombus;3;Belgium;BELOP;bee_leg_pollen;2021;bee_leg_pollen;susi_ale;;;;;;;;
ITS2_susy4pAB;Z-253-S91;Z-253;Z_253;3;;Lasioglossum_pauxillum;Lasioglossum;3;Belgium;BELOP;bee_leg_pollen;2021;bee_leg_pollen;susi_ale;;;;;;;;
ITS2_susy4pAB;Z-363-S209;Z-363;Z_363;4;;Bombus_pascuorum;Bombus;4;Belgium;BELOP;bee_leg_pollen;2021;bee_leg_pollen;susi_ale;;;;;;;;
ITS2_susy4pAB;AIM20201006NGSeco-A-084-E035;AIM20201006NGSeco-A-084-E035;Z_072;4;84;Bombus_pascuorum;Bombus;1;Belgium;BELRD;bee_leg_pollen;2020;bee_leg_pollen;aim;;;;;;;;
ITS2_susy4pAB;AIM326;AIM326;Z_153;3;172;Lasioglossum_pauxillum;Lasioglossum;1;Belgium;BELRD;bee_leg_pollen;2020;bee_leg_pollen;aim;;;;;;;;
ITS2_susy4pAB;Z-254-S202;Z-254;Z_254;6;;Andrena_gravida;Andrena;3;Belgium;BELRD;bee_leg_pollen;2021;bee_leg_pollen;susi_ale;;;;;;;;
ITS2_susy4pAB;Z-330-S171;Z-330;Z_330;3;;Bombus_rupestris;Bombus;4;Hainich;HEG01;bee_leg_pollen;2021;bee_leg_pollen;susi_ale;;;;;;;;
ITS2_susy4pAB;Z-331-S172;Z-331;Z_331;3;;Bombus_sylvarum;Bombus;4;Hainich;HEG01;bee_leg_pollen;2021;bee_leg_pollen;susi_ale;;;;;;;;
ITS2_susy4pAB;Z-332-S173;Z-332;Z_332;5;;Lasioglossum_pauxillum;Lasioglossum;4;Hainich;HEG12;bee_leg_pollen;2021;bee_leg_pollen;susi_ale;;;;;;;;
ITS2_susy4pAB;Z-333-S174;Z-333;Z_333;4;;Andrena_nitida;Andrena;4;Hainich;HEG17;bee_leg_pollen;2021;bee_leg_pollen;susi_ale;;;;;;;;
ITS2_susy4pAB;Z-334-S220;Z-334;Z_334;6;;Apis_mellifera;Apis;4;Hainich;HEG17;bee_leg_pollen;2021;bee_leg_pollen;susi_ale;;;;;;;;
ITS2_susy4pAB;Z-335-S176;Z-335;Z_335;9;;Bombus_lapidarius;Bombus;4;Hainich;HEG17;bee_leg_pollen;2021;bee_leg_pollen;susi_ale;;;;;;;;
ITS2_susy4pAB;Z-336-S177;Z-336;Z_336;3;;Bombus_lucorum;Bombus;4;Hainich;HEG19;bee_leg_pollen;2021;bee_leg_pollen;susi_ale;;;;;;;;
ITS2_susy4pAB;Z-337-S178;Z-337;Z_337;3;;Bombus_terrestris;Bombus;4;Hainich;HEG19;bee_leg_pollen;2021;bee_leg_pollen;susi_ale;;;;;;;;
ITS2_susy4pAB;Z-338-S179;Z-338;Z_338;3;;Bombus_lapidarius;Bombus;4;Hainich;HEG35;bee_leg_pollen;2021;bee_leg_pollen;susi_ale;;;;;;;;
ITS2_susy4pAB;Z-339-S180;Z-339;Z_339;4;;Bombus_sylvarum;Bombus;4;Hainich;HEG35;bee_leg_pollen;2021;bee_leg_pollen;susi_ale;;;;;;;;
ITS2_susy4pAB;Z-340-S223;Z-340;Z_340;4;;Bombus_lapidarius;Bombus;4;Hainich;HEG04;bee_leg_pollen;2021;bee_leg_pollen;susi_ale;;;;;;;;
ITS2_susy4pAB;Z-341-S182;Z-341;Z_341;3;;Lasioglossum_pauxillum;Lasioglossum;4;Hainich;HEG04;bee_leg_pollen;2021;bee_leg_pollen;susi_ale;;;;;;;;
ITS2_susy4pAB;Z-342-S183;Z-342;Z_342;10;;Andrena_nitida;Andrena;4;Hainich;HEG42;bee_leg_pollen;2021;bee_leg_pollen;susi_ale;;;;;;;;
ITS2_susy4pAB;Z-343-S184;Z-343;Z_343;3;;Bombus_lapidarius;Bombus;4;Hainich;HEG42;bee_leg_pollen;2021;bee_leg_pollen;susi_ale;;;;;;;;
ITS2_susy4pAB;Z-344-S185;Z-344;Z_344;11;;Bombus_lucorum;Bombus;4;Hainich;HEG42;bee_leg_pollen;2021;bee_leg_pollen;susi_ale;;;;;;;;
ITS2_susy4pAB;Z-345-S186;Z-345;Z_345;4;;Bombus_pascuorum;Bombus;4;Hainich;HEG42;bee_leg_pollen;2021;bee_leg_pollen;susi_ale;;;;;;;;
ITS2_susy4pAB;Z-346-S187;Z-346;Z_346;8;;Bombus_sylvarum;Bombus;4;Hainich;HEG42;bee_leg_pollen;2021;bee_leg_pollen;susi_ale;;;;;;;;
ITS2_susy4pAB;Z-347-S221;Z-347;Z_347;5;;Bombus_terrestris;Bombus;4;Hainich;HEG42;bee_leg_pollen;2021;bee_leg_pollen;susi_ale;;;;;;;;
ITS2_susy4pAB;Z-348-S189;Z-348;Z_348;4;;Andrena_haemorrhoa;Andrena;4;Hainich;HEG05;bee_leg_pollen;2021;bee_leg_pollen;susi_ale;;;;;;;;
ITS2_susy4pAB;Z-349-S190;Z-349;Z_349;4;;Bombus_pascuorum;Bombus;4;Hainich;HEG50;bee_leg_pollen;2021;bee_leg_pollen;susi_ale;;;;;;;;
ITS2_susy4pAB;Z-350-S191;Z-350;Z_350;4;;Lasioglossum_pauxillum;Lasioglossum;4;Hainich;HEG50;bee_leg_pollen;2021;bee_leg_pollen;susi_ale;;;;;;;;
ITS2_susy4pAB;Z-351-S197;Z-351;Z_351;4;;Bombus_lapidarius;Bombus;4;Hainich;HEG06;bee_leg_pollen;2021;bee_leg_pollen;susi_ale;;;;;;;;
ITS2_susy4pAB;Z-352-S198;Z-352;Z_352;3;;Apis_mellifera;Apis;4;Hainich;HEG09;bee_leg_pollen;2021;bee_leg_pollen;susi_ale;;;;;;;;
ITS2_susy4pAB;Z-353-S199;Z-353;Z_353;8;;Bombus_lapidarius;Bombus;4;Hainich;HEG09;bee_leg_pollen;2021;bee_leg_pollen;susi_ale;;;;;;;;
ITS2_susy4pAB;Z-354-S278;Z-354;Z_354;4;;Bombus_pascuorum;Bombus;4;Hainich;HEG09;bee_leg_pollen;2021;bee_leg_pollen;susi_ale;;;;;;;;
ITS2_susy4pAB;Z-355-S201;Z-355;Z_355;5;;Bombus_sylvarum;Bombus;4;Hainich;HEG09;bee_leg_pollen;2021;bee_leg_pollen;susi_ale;;;;;;;;
ITS2_susy4pAB;Z-255-S93;Z-255;Z_255;5;;Andrena_haemorrhoa;Andrena;3;Belgium;BELRD;bee_leg_pollen;2021;bee_leg_pollen;susi_ale;;;;;;;;
ITS2_susy4pAB;Z-256-S94;Z-256;Z_256;10;;Andrena_vaga;Andrena;3;Belgium;BELRD;bee_leg_pollen;2021;bee_leg_pollen;susi_ale;;;;;;;;
ITS2_susy4pAB;Z-257-S95;Z-257;Z_257;10;;Apis_mellifera;Apis;3;Belgium;BELRD;bee_leg_pollen;2021;bee_leg_pollen;susi_ale;;;;;;;;
ITS2_susy4pAB;Z-258-S96;Z-258;Z_258;3;;Bombus_pascuorum;Bombus;3;Belgium;BELRD;bee_leg_pollen;2021;bee_leg_pollen;susi_ale;;;;;;;;
ITS2_susy4pAB;Z-259-S213;Z-259;Z_259;4;;Colletes_cunicularius;Colletes;3;Belgium;BELRD;bee_leg_pollen;2021;bee_leg_pollen;susi_ale;;;;;;;;
ITS2_susy4pAB;Z-260-S98;Z-260;Z_260;12;;Lasioglossum_pauxillum;Lasioglossum;3;Belgium;BELRD;bee_leg_pollen;2021;bee_leg_pollen;susi_ale;;;;;;;;
ITS2_susy4pAB;Z-365-S276;Z-365;Z_365;6;;Andrena_labialis;Andrena;4;Belgium;BELRD;bee_leg_pollen;2021;bee_leg_pollen;susi_ale;;;;;;;;
ITS2_susy4pAB;Z-366-S212;Z-366;Z_366;10;;Bombus_pascuorum;Bombus;4;Belgium;BELRD;bee_leg_pollen;2021;bee_leg_pollen;susi_ale;;;;;;;;
ITS2_susy4pAB;Z-364-S210;Z-364;Z_364;5;;Lasioglossum_pauxillum;Lasioglossum;4;Hainich;HEG09;bee_leg_pollen;2021;bee_leg_pollen;susi_ale;;;;;;;;
ITS2_susy4pAB;AIM20201006NGSeco-A-085-E035;AIM20201006NGSeco-A-085-E035;Z_073;4;85;Bombus_pascuorum;Bombus;1;Belgium;BELSG;bee_leg_pollen;2020;bee_leg_pollen;aim;;;;;;;;
ITS2_susy4pAB;AIM272;AIM272;Z_101;3;119;Andrena_fulvago;Andrena;1;Belgium;BELSG;bee_leg_pollen;2020;bee_leg_pollen;aim;;;;;;;;
ITS2_susy4pAB;Z-367-S213;Z-367;Z_367;5;;Apis_mellifera;Apis;4;Schorfheide;SEG13;bee_leg_pollen;2021;bee_leg_pollen;susi_ale;;;;;;;;
ITS2_susy4pAB;Z-368-S214;Z-368;Z_368;3;;Bombus_humilis;Bombus;4;Schorfheide;SEG13;bee_leg_pollen;2021;bee_leg_pollen;susi_ale;;;;;;;;
ITS2_susy4pAB;Z-369-S215;Z-369;Z_369;4;;Bombus_lapidarius;Bombus;4;Schorfheide;SEG13;bee_leg_pollen;2021;bee_leg_pollen;susi_ale;;;;;;;;
ITS2_susy4pAB;Z-370-S216;Z-370;Z_370;3;;Bombus_terrestris;Bombus;4;Schorfheide;SEG16;bee_leg_pollen;2021;bee_leg_pollen;susi_ale;;;;;;;;
ITS2_susy4pAB;Z-371A-S217;Z-371A;Z_371A;10;;Apis_mellifera;Apis;4;Schorfheide;SEG35;bee_leg_pollen;2021;bee_leg_pollen;susi_ale;;;;;;;;
ITS2_susy4pAB;Z-371B-S218;Z-371B;Z_371B;3;;Apis_mellifera;Apis;4;Schorfheide;SEG35;bee_leg_pollen;2021;bee_leg_pollen;susi_ale;;;;;;;;
ITS2_susy4pAB;Z-372-S267;Z-372;Z_372;12;;Bombus_lapidarius;Bombus;4;Schorfheide;SEG35;bee_leg_pollen;2021;bee_leg_pollen;susi_ale;;;;;;;;
ITS2_susy4pAB;Z-373-S220;Z-373;Z_373;8;;Bombus_soroeensis;Bombus;4;Schorfheide;SEG35;bee_leg_pollen;2021;bee_leg_pollen;susi_ale;;;;;;;;
ITS2_susy4pAB;Z-374-S221;Z-374;Z_374;7;;Bombus_terrestris;Bombus;4;Schorfheide;SEG35;bee_leg_pollen;2021;bee_leg_pollen;susi_ale;;;;;;;;
ITS2_susy4pAB;Z-375-S275;Z-375;Z_375;4;;Lasioglossum_pauxillum;Lasioglossum;4;Schorfheide;SEG35;bee_leg_pollen;2021;bee_leg_pollen;susi_ale;;;;;;;;
ITS2_susy4pAB;Z-376-S223;Z-376;Z_376;5;;Melitta_leporina;Melitta;4;Schorfheide;SEG35;bee_leg_pollen;2021;bee_leg_pollen;susi_ale;;;;;;;;
ITS2_susy4pAB;Z-377A-S224;Z-377A;Z_377A;10;;Dasypoda_hirtipes;Dasypoda;4;Schorfheide;SEG38;bee_leg_pollen;2021;bee_leg_pollen;susi_ale;;;;;;;;
ITS2_susy4pAB;Z-377B-S225;Z-377B;Z_377B;10;;Dasypoda_hirtipes;Dasypoda;4;Schorfheide;SEG38;bee_leg_pollen;2021;bee_leg_pollen;susi_ale;;;;;;;;
ITS2_susy4pAB;Z-377C-S226;Z-377C;Z_377C;8;;Dasypoda_hirtipes;Dasypoda;4;Schorfheide;SEG38;bee_leg_pollen;2021;bee_leg_pollen;susi_ale;;;;;;;;
ITS2_susy4pAB;Z-378-S227;Z-378;Z_378;12;;Dasypoda_sp;Dasypoda;4;Schorfheide;SEG38;bee_leg_pollen;2021;bee_leg_pollen;susi_ale;;;;;;;;
ITS2_susy4pAB;Z-379A-S228;Z-379A;Z_379A;11;;Panurgus_calcaratus;Panurgus;4;Schorfheide;SEG38;bee_leg_pollen;2021;bee_leg_pollen;susi_ale;;;;;;;;
ITS2_susy4pAB;Z-379B-S229;Z-379B;Z_379B;11;;Panurgus_calcaratus;Panurgus;4;Schorfheide;SEG38;bee_leg_pollen;2021;bee_leg_pollen;susi_ale;;;;;;;;
ITS2_susy4pAB;Z-379C-S230;Z-379C;Z_379C;11;;Panurgus_calcaratus;Panurgus;4;Schorfheide;SEG38;bee_leg_pollen;2021;bee_leg_pollen;susi_ale;;;;;;;;
ITS2_susy4pAB;Z-380-S231;Z-380;Z_380;3;;Bombus_ruderarius;Bombus;4;Schorfheide;SEG04;bee_leg_pollen;2021;bee_leg_pollen;susi_ale;;;;;;;;
ITS2_susy4pAB;Z-381A-S268;Z-381A;Z_381A;10;;Bombus_terrestris;Bombus;4;Schorfheide;SEG04;bee_leg_pollen;2021;bee_leg_pollen;susi_ale;;;;;;;;
ITS2_susy4pAB;Z-381B-S274;Z-381B;Z_381B;6;;Bombus_terrestris;Bombus;4;Schorfheide;SEG04;bee_leg_pollen;2021;bee_leg_pollen;susi_ale;;;;;;;;
ITS2_susy4pAB;Z-382-S234;Z-382;Z_382;3;;Bombus_terrestris;Bombus;4;Schorfheide;SEG04;bee_leg_pollen;2021;bee_leg_pollen;susi_ale;;;;;;;;
ITS2_susy4pAB;Z-383-S235;Z-383;Z_383;4;;Andrena_wilkella;Andrena;4;Schorfheide;SEG44;bee_leg_pollen;2021;bee_leg_pollen;susi_ale;;;;;;;;
ITS2_susy4pAB;Z-384A-S236;Z-384A;Z_384A;11;;Apis_mellifera;Apis;4;Schorfheide;SEG44;bee_leg_pollen;2021;bee_leg_pollen;susi_ale;;;;;;;;
ITS2_susy4pAB;Z-384B-S237;Z-384B;Z_384B;11;;Apis_mellifera;Apis;4;Schorfheide;SEG44;bee_leg_pollen;2021;bee_leg_pollen;susi_ale;;;;;;;;
ITS2_susy4pAB;Z-385-S238;Z-385;Z_385;5;;Bombus_lapidarius;Bombus;4;Schorfheide;SEG44;bee_leg_pollen;2021;bee_leg_pollen;susi_ale;;;;;;;;
ITS2_susy4pAB;Z-386-S239;Z-386;Z_386;8;;Bombus_pascuorum;Bombus;4;Schorfheide;SEG44;bee_leg_pollen;2021;bee_leg_pollen;susi_ale;;;;;;;;
ITS2_susy4pAB;Z-387-S240;Z-387;Z_387;5;;Apis_mellifera;Apis;4;Schorfheide;SEG46;bee_leg_pollen;2021;bee_leg_pollen;susi_ale;;;;;;;;
ITS2_susy4pAB;Z-286-S228;Z-286;Z_286;10;;Apis_mellifera;Apis;3;Belgium;BELSG;bee_leg_pollen;2021;bee_leg_pollen;susi_ale;;;;;;;;
ITS2_susy4pAB;Z-287A-S31;Z-287A;Z_287A;7;;Halictus_scabiosae;Halictus;3;Belgium;BELSG;bee_leg_pollen;2021;bee_leg_pollen;susi_ale;;;;;;;;
ITS2_susy4pAB;Z-287B-S32;Z-287B;Z_287B;7;;Halictus_scabiosae;Halictus;3;Belgium;BELSG;bee_leg_pollen;2021;bee_leg_pollen;susi_ale;;;;;;;;
ITS2_susy4pAB;Z-288-S33;Z-288;Z_288;3;;Lasioglossum_pauxillum;Lasioglossum;3;Belgium;BELSG;bee_leg_pollen;2021;bee_leg_pollen;susi_ale;;;;;;;;
ITS2_susy4pAB;Z-388-S241;Z-388;Z_388;3;;Bombus_lapidarius;Bombus;4;Belgium;BELSG;bee_leg_pollen;2021;bee_leg_pollen;susi_ale;;;;;;;;
ITS2_susy4pAB;ZR-87A-S140;ZR-87A;ZR_087A;4;;NA;NA;NA;Hainich;HEG09;reed_pollen;2020;reed_pollen;susi_ale;;;;;;;;
ITS2_susy4pAB;ZR-87B-S141;ZR-87B;ZR_087B;3;;NA;NA;NA;Hainich;HEG09;reed_pollen;2020;reed_pollen;susi_ale;;;;;;;;
ITS2_susy4pAB;ZR-88-S142;ZR-88;ZR_088;2;;Osmia_bicornis;Osmia;NA;Hainich;HEG09;reed_pollen;2020;reed_pollen;susi_ale;;;;;;;;
ITS2_susy4pAB;ZR-89-S143;ZR-89;ZR_089;3;;NA;NA;NA;Hainich;HEG09;reed_pollen;2020;reed_pollen;susi_ale;;;;;;;;
ITS2_susy4pAB;ZR-90-S144;ZR-90;ZR_090;4;;Osmia_bicornis;Osmia;NA;Hainich;HEG09;reed_pollen;2020;reed_pollen;susi_ale;;;;;;;;
ITS2_susy4pAB;ZR-91A-S293;ZR-91A;ZR_091A;4;;Osmia_bicornis;Osmia;NA;Hainich;HEG09;reed_pollen;2020;reed_pollen;susi_ale;;;;;;;;
ITS2_susy4pAB;ZR-91B-S294;ZR-91B;ZR_091B;2;;Osmia_bicornis;Osmia;NA;Hainich;HEG09;reed_pollen;2020;reed_pollen;susi_ale;;;;;;;;
ITS2_susy4pAB;ZR-92-S295;ZR-92;ZR_092;4;;Osmia_bicornis;Osmia;NA;Hainich;HEG09;reed_pollen;2020;reed_pollen;susi_ale;;;;;;;;
ITS2_susy4pAB;ZR-93-S346;ZR-93;ZR_093;4;;NA;NA;NA;Hainich;HEG09;reed_pollen;2020;reed_pollen;susi_ale;;;;;;;;
ITS2_susy4pAB;ZR-94A-S297;ZR-94A;ZR_094A;4;;Osmia_bicornis;Osmia;NA;Hainich;HEG09;reed_pollen;2020;reed_pollen;susi_ale;;;;;;;;
ITS2_susy4pAB;ZR-94B-S298;ZR-94B;ZR_094B;2;;Osmia_bicornis;Osmia;NA;Hainich;HEG09;reed_pollen;2020;reed_pollen;susi_ale;;;;;;;;
ITS2_susy4pAB;ZR-95A-S299;ZR-95A;ZR_095A;4;;Osmia_bicornis;Osmia;NA;Hainich;HEG09;reed_pollen;2020;reed_pollen;susi_ale;;;;;;;;
ITS2_susy4pAB;ZR-95B-S300;ZR-95B;ZR_095B;1;;Osmia_bicornis;Osmia;NA;Hainich;HEG09;reed_pollen;2020;reed_pollen;susi_ale;;;;;;;;
ITS2_susy4pAB;ZR-96-S301;ZR-96;ZR_096;3;;Osmia_bicornis;Osmia;NA;Hainich;HEG09;reed_pollen;2020;reed_pollen;susi_ale;;;;;;;;
ITS2_susy4pAB;ZR-97A-S339;ZR-97A;ZR_097A;4;;Osmia_bicornis;Osmia;NA;Hainich;HEG09;reed_pollen;2020;reed_pollen;susi_ale;;;;;;;;
ITS2_susy4pAB;ZR-97B-S303;ZR-97B;ZR_097B;1;;Osmia_bicornis;Osmia;NA;Hainich;HEG09;reed_pollen;2020;reed_pollen;susi_ale;;;;;;;;
ITS2_susy4pAB;ZR-98-S304;ZR-98;ZR_098;3;;Osmia_bicornis;Osmia;NA;Hainich;HEG09;reed_pollen;2020;reed_pollen;susi_ale;;;;;;;;
ITS2_susy4pAB;ZR134-S342;ZR134;ZR_134;3;;Osmia_bicornis;Osmia;NA;Hainich;HEG09;reed_pollen;2021;reed_pollen;susi_ale;;;;;;;;
ITS2_susy4pAB;ZR150-S381;ZR150;ZR_150;3;;Osmia_bicornis;Osmia;NA;Hainich;HEG09;reed_pollen;2021;reed_pollen;susi_ale;;;;;;;;
ITS2_susy4pAB;ZR323A-S174;ZR323A;ZR_323A;1;;Osmia_bicornis;Osmia;NA;Hainich;HEG09;reed_pollen;2021;reed_pollen;susi_ale;;;;;;;;
ITS2_susy4pAB;Z-389-S242;Z-389;Z_389;7;;Bombus_pascuorum;Bombus;4;Belgium;BELSG;bee_leg_pollen;2021;bee_leg_pollen;susi_ale;;;;;;;;
ITS2_susy4pAB;Z-390-S243;Z-390;Z_390;6;;Dasypoda_hirtipes;Dasypoda;4;Belgium;BELSG;bee_leg_pollen;2021;bee_leg_pollen;susi_ale;;;;;;;;
ITS2_susy4pAB;Z-391-S273;Z-391;Z_391;5;;Halictus_scabiosae;Halictus;4;Belgium;BELSG;bee_leg_pollen;2021;bee_leg_pollen;susi_ale;;;;;;;;
ITS2_susy4pAB;Z-392-S269;Z-392;Z_392;4;;Lasioglossum_leucozonium;Lasioglossum;4;Belgium;BELSG;bee_leg_pollen;2021;bee_leg_pollen;susi_ale;;;;;;;;
ITS2_susy4pAB;Bi-P1718008;Bi-P1718008;Bi-P1718008;NA;;Megachile rotundata;Megachile;NA;Schorfheide;SEG01;reed_pollen;2017;reed_pollen;birte;;;;;;;;
ITS2_susy4pAB;Bi-P1718016;Bi-P1718016;Bi-P1718016;NA;;Osmia bicornis;Osmia;NA;Schorfheide;SEG01;reed_pollen;2017;reed_pollen;birte;;;;;;;;
ITS2_susy4pAB;Bi-P1718033;Bi-P1718033;Bi-P1718033;NA;;Osmia bicornis;Osmia;NA;Schorfheide;SEG01;reed_pollen;2017;reed_pollen;birte;;;;;;;;
ITS2_susy4pAB;Bi-P1718102;Bi-P1718102;Bi-P1718102;NA;;Megachile rotundata;Megachile;NA;Schorfheide;SEG01;reed_pollen;2017;reed_pollen;birte;;;;;;;;
ITS2_susy4pAB;Bi-P1718108;Bi-P1718108;Bi-P1718108;NA;;Osmia bicornis;Osmia;NA;Schorfheide;SEG01;reed_pollen;2017;reed_pollen;birte;;;;;;;;
ITS2_susy4pAB;Bi-P1718109;Bi-P1718109;Bi-P1718109;NA;;Osmia bicornis;Osmia;NA;Schorfheide;SEG01;reed_pollen;2017;reed_pollen;birte;;;;;;;;
ITS2_susy4pAB;Bi-P1718128;Bi-P1718128;Bi-P1718128;NA;;Osmia bicornis;Osmia;NA;Schorfheide;SEG02;reed_pollen;2017;reed_pollen;birte;;;;;;;;
ITS2_susy4pAB;Bi-P1718129;Bi-P1718129;Bi-P1718129;NA;;Osmia bicornis;Osmia;NA;Schorfheide;SEG02;reed_pollen;2017;reed_pollen;birte;;;;;;;;
ITS2_susy4pAB;Bi-P1718026;Bi-P1718026;Bi-P1718026;NA;;Osmia cornuta;Osmia;NA;Schorfheide;SEG03;reed_pollen;2017;reed_pollen;birte;;;;;;;;
ITS2_susy4pAB;Bi-P1718090;Bi-P1718090;Bi-P1718090;NA;;Osmia caerulescens;Osmia;NA;Schorfheide;SEG03;reed_pollen;2017;reed_pollen;birte;;;;;;;;
ITS2_susy4pAB;Bi-P1718091;Bi-P1718091;Bi-P1718091;NA;;Osmia caerulescens;Osmia;NA;Schorfheide;SEG03;reed_pollen;2017;reed_pollen;birte;;;;;;;;
ITS2_susy4pAB;ZR108-S231;ZR108;ZR_108;1;;NA;NA;NA;Schorfheide;SEG03;reed_pollen;2020;reed_pollen;susi_ale;;;;;;;;
ITS2_susy4pAB;Bi-P1718018;Bi-P1718018;Bi-P1718018;NA;;Osmia bicornis;Osmia;NA;Schorfheide;SEG04;reed_pollen;2017;reed_pollen;birte;;;;;;;;
ITS2_susy4pAB;Bi-P1718019;Bi-P1718019;Bi-P1718019;NA;;Osmia bicornis;Osmia;NA;Schorfheide;SEG04;reed_pollen;2017;reed_pollen;birte;;;;;;;;
ITS2_susy4pAB;Bi-P1718020;Bi-P1718020;Bi-P1718020;NA;;Osmia bicornis;Osmia;NA;Schorfheide;SEG04;reed_pollen;2017;reed_pollen;birte;;;;;;;;
ITS2_susy4pAB;Bi-P1718035;Bi-P1718035;Bi-P1718035;NA;;Osmia bicornis;Osmia;NA;Schorfheide;SEG04;reed_pollen;2017;reed_pollen;birte;;;;;;;;
ITS2_susy4pAB;Bi-P1718089;Bi-P1718089;Bi-P1718089;NA;;Osmia caerulescens;Osmia;NA;Schorfheide;SEG04;reed_pollen;2017;reed_pollen;birte;;;;;;;;
ITS2_susy4pAB;Bi-P1718092;Bi-P1718092;Bi-P1718092;NA;;Osmia bicornis;Osmia;NA;Schorfheide;SEG04;reed_pollen;2017;reed_pollen;birte;;;;;;;;
ITS2_susy4pAB;Bi-P1718093;Bi-P1718093;Bi-P1718093;NA;;Osmia caerulescens;Osmia;NA;Schorfheide;SEG04;reed_pollen;2017;reed_pollen;birte;;;;;;;;
ITS2_susy4pAB;Bi-P1718103;Bi-P1718103;Bi-P1718103;NA;;Megachile rotundata;Megachile;NA;Schorfheide;SEG04;reed_pollen;2017;reed_pollen;birte;;;;;;;;
ITS2_susy4pAB;Bi-P1718150;Bi-P1718150;Bi-P1718150;NA;;Osmia bicornis;Osmia;NA;Schorfheide;SEG04;reed_pollen;2017;reed_pollen;birte;;;;;;;;
ITS2_susy4pAB;ZR-26A-S38;ZR-26A;ZR_026A;4;;Osmia_bicornis;Osmia;NA;Schorfheide;SEG04;reed_pollen;2020;reed_pollen;susi_ale;;;;;;;;
ITS2_susy4pAB;ZR-26B-S39;ZR-26B;ZR_026B;4;;Osmia_bicornis;Osmia;NA;Schorfheide;SEG04;reed_pollen;2020;reed_pollen;susi_ale;;;;;;;;
ITS2_susy4pAB;ZR-26C-S197;ZR-26C;ZR_026C;1;;Osmia_bicornis;Osmia;NA;Schorfheide;SEG04;reed_pollen;2020;reed_pollen;susi_ale;;;;;;;;
ITS2_susy4pAB;ZR-27A-S208;ZR-27A;ZR_027A;4;;Osmia_bicornis;Osmia;NA;Schorfheide;SEG04;reed_pollen;2020;reed_pollen;susi_ale;;;;;;;;
ITS2_susy4pAB;ZR-27B-S42;ZR-27B;ZR_027B;2;;Osmia_bicornis;Osmia;NA;Schorfheide;SEG04;reed_pollen;2020;reed_pollen;susi_ale;;;;;;;;
ITS2_susy4pAB;ZR-28-S43;ZR-28;ZR_028;4;;Osmia_bicornis;Osmia;NA;Schorfheide;SEG04;reed_pollen;2020;reed_pollen;susi_ale;;;;;;;;
ITS2_susy4pAB;ZR-33A-S50;ZR-33A;ZR_033A;4;;Osmia_bicornis;Osmia;NA;Schorfheide;SEG04;reed_pollen;2020;reed_pollen;susi_ale;;;;;;;;
ITS2_susy4pAB;ZR-33B-S51;ZR-33B;ZR_033B;3;;Osmia_bicornis;Osmia;NA;Schorfheide;SEG04;reed_pollen;2020;reed_pollen;susi_ale;;;;;;;;
ITS2_susy4pAB;ZR-34A-S207;ZR-34A;ZR_034A;4;;Osmia_bicornis;Osmia;NA;Schorfheide;SEG04;reed_pollen;2020;reed_pollen;susi_ale;;;;;;;;
ITS2_susy4pAB;ZR-34B-S198;ZR-34B;ZR_034B;2;;Osmia_bicornis;Osmia;NA;Schorfheide;SEG04;reed_pollen;2020;reed_pollen;susi_ale;;;;;;;;
ITS2_susy4pAB;ZR-35B-S55;ZR-35B;ZR_035B;4;;Osmia_bicornis;Osmia;NA;Schorfheide;SEG04;reed_pollen;2020;reed_pollen;susi_ale;;;;;;;;
ITS2_susy4pAB;ZR-35C-S56;ZR-35C;ZR_035C;2;;Osmia_bicornis;Osmia;NA;Schorfheide;SEG04;reed_pollen;2020;reed_pollen;susi_ale;;;;;;;;
ITS2_susy4pAB;ZR-36A-S57;ZR-36A;ZR_036A;4;;Osmia_bicornis;Osmia;NA;Schorfheide;SEG04;reed_pollen;2020;reed_pollen;susi_ale;;;;;;;;
ITS2_susy4pAB;ZR-36B-S58;ZR-36B;ZR_036B;1;;Osmia_bicornis;Osmia;NA;Schorfheide;SEG04;reed_pollen;2020;reed_pollen;susi_ale;;;;;;;;
ITS2_susy4pAB;ZR-37A-S59;ZR-37A;ZR_037A;4;;Osmia_bicornis;Osmia;NA;Schorfheide;SEG04;reed_pollen;2020;reed_pollen;susi_ale;;;;;;;;
ITS2_susy4pAB;ZR-37B-S60;ZR-37B;ZR_037B;1;;Osmia_bicornis;Osmia;NA;Schorfheide;SEG04;reed_pollen;2020;reed_pollen;susi_ale;;;;;;;;
ITS2_susy4pAB;ZR-38A-S61;ZR-38A;ZR_038A;4;;Osmia_bicornis;Osmia;NA;Schorfheide;SEG04;reed_pollen;2020;reed_pollen;susi_ale;;;;;;;;
ITS2_susy4pAB;ZR-38B-S62;ZR-38B;ZR_038B;4;;Osmia_bicornis;Osmia;NA;Schorfheide;SEG04;reed_pollen;2020;reed_pollen;susi_ale;;;;;;;;
ITS2_susy4pAB;ZR-39-S205;ZR-39;ZR_039;4;;Osmia_bicornis;Osmia;NA;Schorfheide;SEG04;reed_pollen;2020;reed_pollen;susi_ale;;;;;;;;
ITS2_susy4pAB;ZR-40A-S64;ZR-40A;ZR_040A;4;;Osmia_bicornis;Osmia;NA;Schorfheide;SEG04;reed_pollen;2020;reed_pollen;susi_ale;;;;;;;;
ITS2_susy4pAB;ZR-40B-S65;ZR-40B;ZR_040B;2;;Osmia_bicornis;Osmia;NA;Schorfheide;SEG04;reed_pollen;2020;reed_pollen;susi_ale;;;;;;;;
ITS2_susy4pAB;ZR-41A-S199;ZR-41A;ZR_041A;4;;Osmia_bicornis;Osmia;NA;Schorfheide;SEG04;reed_pollen;2020;reed_pollen;susi_ale;;;;;;;;
ITS2_susy4pAB;ZR-41B-S67;ZR-41B;ZR_041B;4;;Osmia_bicornis;Osmia;NA;Schorfheide;SEG04;reed_pollen;2020;reed_pollen;susi_ale;;;;;;;;
ITS2_susy4pAB;ZR-41C-S68;ZR-41C;ZR_041C;2;;Osmia_bicornis;Osmia;NA;Schorfheide;SEG04;reed_pollen;2020;reed_pollen;susi_ale;;;;;;;;
ITS2_susy4pAB;ZR-42A-S69;ZR-42A;ZR_042A;4;;Osmia_bicornis;Osmia;NA;Schorfheide;SEG04;reed_pollen;2020;reed_pollen;susi_ale;;;;;;;;
ITS2_susy4pAB;ZR-42B-S70;ZR-42B;ZR_042B;3;;Osmia_bicornis;Osmia;NA;Schorfheide;SEG04;reed_pollen;2020;reed_pollen;susi_ale;;;;;;;;
ITS2_susy4pAB;ZR-43A-S71;ZR-43A;ZR_043A;4;;Osmia_bicornis;Osmia;NA;Schorfheide;SEG04;reed_pollen;2020;reed_pollen;susi_ale;;;;;;;;
ITS2_susy4pAB;ZR-43B-S72;ZR-43B;ZR_043B;4;;Osmia_bicornis;Osmia;NA;Schorfheide;SEG04;reed_pollen;2020;reed_pollen;susi_ale;;;;;;;;
ITS2_susy4pAB;ZR-43C-S73;ZR-43C;ZR_043C;1;;Osmia_bicornis;Osmia;NA;Schorfheide;SEG04;reed_pollen;2020;reed_pollen;susi_ale;;;;;;;;
ITS2_susy4pAB;ZR-44A-S204;ZR-44A;ZR_044A;4;;Osmia_bicornis;Osmia;NA;Schorfheide;SEG04;reed_pollen;2020;reed_pollen;susi_ale;;;;;;;;
ITS2_susy4pAB;ZR-44B-S75;ZR-44B;ZR_044B;1;;Osmia_bicornis;Osmia;NA;Schorfheide;SEG04;reed_pollen;2020;reed_pollen;susi_ale;;;;;;;;
ITS2_susy4pAB;ZR-45-S76;ZR-45;ZR_045;4;;Osmia_bicornis;Osmia;NA;Schorfheide;SEG04;reed_pollen;2020;reed_pollen;susi_ale;;;;;;;;
ITS2_susy4pAB;ZR-46-S77;ZR-46;ZR_046;3;;Osmia_bicornis;Osmia;NA;Schorfheide;SEG04;reed_pollen;2020;reed_pollen;susi_ale;;;;;;;;
ITS2_susy4pAB;ZR-47-S78;ZR-47;ZR_047;4;;Osmia_bicornis;Osmia;NA;Schorfheide;SEG04;reed_pollen;2020;reed_pollen;susi_ale;;;;;;;;
ITS2_susy4pAB;ZR-48-S201;ZR-48;ZR_048;2;;Osmia_bicornis;Osmia;NA;Schorfheide;SEG04;reed_pollen;2020;reed_pollen;susi_ale;;;;;;;;
ITS2_susy4pAB;ZR-51B-S251;ZR-51B;ZR_051B;1;;Osmia_bicornis;Osmia;NA;Schorfheide;SEG04;reed_pollen;2020;reed_pollen;susi_ale;;;;;;;;
ITS2_susy4pAB;ZR-52A-S203;ZR-52A;ZR_052A;4;;Osmia_bicornis;Osmia;NA;Schorfheide;SEG04;reed_pollen;2020;reed_pollen;susi_ale;;;;;;;;
ITS2_susy4pAB;ZR-52B-S86;ZR-52B;ZR_052B;2;;Osmia_bicornis;Osmia;NA;Schorfheide;SEG04;reed_pollen;2020;reed_pollen;susi_ale;;;;;;;;
ITS2_susy4pAB;ZR-53-S87;ZR-53;ZR_053;2;;Osmia_bicornis;Osmia;NA;Schorfheide;SEG04;reed_pollen;2020;reed_pollen;susi_ale;;;;;;;;
ITS2_susy4pAB;ZR-54-S88;ZR-54;ZR_054;4;;NA;NA;NA;Schorfheide;SEG04;reed_pollen;2020;reed_pollen;susi_ale;;;;;;;;
ITS2_susy4pAB;ZR-55A-S89;ZR-55A;ZR_055A;4;;Osmia_bicornis;Osmia;NA;Schorfheide;SEG04;reed_pollen;2020;reed_pollen;susi_ale;;;;;;;;
ITS2_susy4pAB;ZR-55B-S90;ZR-55B;ZR_055B;2;;Osmia_bicornis;Osmia;NA;Schorfheide;SEG04;reed_pollen;2020;reed_pollen;susi_ale;;;;;;;;
ITS2_susy4pAB;ZR-56-S91;ZR-56;ZR_056;3;;NA;NA;NA;Schorfheide;SEG04;reed_pollen;2020;reed_pollen;susi_ale;;;;;;;;
ITS2_susy4pAB;ZR-57A-S202;ZR-57A;ZR_057A;4;;Osmia_bicornis;Osmia;NA;Schorfheide;SEG04;reed_pollen;2020;reed_pollen;susi_ale;;;;;;;;
ITS2_susy4pAB;ZR-57B-S93;ZR-57B;ZR_057B;2;;Osmia_bicornis;Osmia;NA;Schorfheide;SEG04;reed_pollen;2020;reed_pollen;susi_ale;;;;;;;;
ITS2_susy4pAB;ZR-58-S94;ZR-58;ZR_058;2;;Osmia_bicornis;Osmia;NA;Schorfheide;SEG04;reed_pollen;2020;reed_pollen;susi_ale;;;;;;;;
ITS2_susy4pAB;ZR-59A-S95;ZR-59A;ZR_059A;4;;Osmia_bicornis;Osmia;NA;Schorfheide;SEG04;reed_pollen;2020;reed_pollen;susi_ale;;;;;;;;
ITS2_susy4pAB;ZR-59B-S213;ZR-59B;ZR_059B;4;;Osmia_bicornis;Osmia;NA;Schorfheide;SEG04;reed_pollen;2020;reed_pollen;susi_ale;;;;;;;;
ITS2_susy4pAB;ZR-59C-S98;ZR-59C;ZR_059C;1;;Osmia_bicornis;Osmia;NA;Schorfheide;SEG04;reed_pollen;2020;reed_pollen;susi_ale;;;;;;;;
ITS2_susy4pAB;ZR-101-S306;ZR-101;ZR_101;1;;NA;NA;NA;Schorfheide;SEG04;reed_pollen;2020;reed_pollen;susi_ale;;;;;;;;
ITS2_susy4pAB;ZR168-S33;ZR168;ZR_168;1;;Osmia_bicornis;Osmia;NA;Schorfheide;SEG04;reed_pollen;2021;reed_pollen;susi_ale;;;;;;;;
ITS2_susy4pAB;ZR172A-S34;ZR172A;ZR_172A;2;;Osmia_bicornis;Osmia;NA;Schorfheide;SEG04;reed_pollen;2021;reed_pollen;susi_ale;;;;;;;;
ITS2_susy4pAB;ZR172B-S35;ZR172B;ZR_172B;2;;Osmia_bicornis;Osmia;NA;Schorfheide;SEG04;reed_pollen;2021;reed_pollen;susi_ale;;;;;;;;
ITS2_susy4pAB;ZR325-S278;ZR325;ZR_325;3;;Osmia_bicornis;Osmia;NA;Schorfheide;SEG04;reed_pollen;2021;reed_pollen;susi_ale;;;;;;;;
ITS2_susy4pAB;ZR-35A-S54;ZR-35A;ZR_035A;4;;Osmia_bicornis;Osmia;NA;Schorfheide;SEG04;reed_pollen;2020;reed_pollen;susi_ale;;;;;;;;
ITS2_susy4pAB;ZR-8-S9;ZR-8;ZR_008;3;;Osmia_bicornis;Osmia;NA;Schorfheide;SEG42;reed_pollen;2020;reed_pollen;susi_ale;;;;;;;;
ITS2_susy4pAB;ZR-107A-S327;ZR-107A;ZR_107A;4;;Osmia_bicornis;Osmia;NA;Schorfheide;SEG42;reed_pollen;2020;reed_pollen;susi_ale;;;;;;;;
ITS2_susy4pAB;ZR-107B-S343;ZR-107B;ZR_107B;2;;Osmia_bicornis;Osmia;NA;Schorfheide;SEG42;reed_pollen;2020;reed_pollen;susi_ale;;;;;;;;
ITS2_susy4pAB;ZR277A-S142;ZR277A;ZR_277A;2;;Osmia_bicornis;Osmia;NA;Schorfheide;SEG42;reed_pollen;2021;reed_pollen;susi_ale;;;;;;;;
ITS2_susy4pAB;ZR277B-S143;ZR277B;ZR_277B;3;;Osmia_bicornis;Osmia;NA;Schorfheide;SEG42;reed_pollen;2021;reed_pollen;susi_ale;;;;;;;;
ITS2_susy4pAB;ZR278A-S144;ZR278A;ZR_278A;2;;Osmia_bicornis;Osmia;NA;Schorfheide;SEG42;reed_pollen;2021;reed_pollen;susi_ale;;;;;;;;
ITS2_susy4pAB;ZR278B-S145;ZR278B;ZR_278B;2;;Osmia_bicornis;Osmia;NA;Schorfheide;SEG42;reed_pollen;2021;reed_pollen;susi_ale;;;;;;;;
ITS2_susy4pAB;ZR280A-S146;ZR280A;ZR_280A;2;;Osmia_bicornis;Osmia;NA;Schorfheide;SEG42;reed_pollen;2021;reed_pollen;susi_ale;;;;;;;;
ITS2_susy4pAB;ZR280B-S147;ZR280B;ZR_280B;3;;Osmia_bicornis;Osmia;NA;Schorfheide;SEG42;reed_pollen;2021;reed_pollen;susi_ale;;;;;;;;
ITS2_susy4pAB;ZR282-S283;ZR282;ZR_282;2;;Osmia_bicornis;Osmia;NA;Schorfheide;SEG42;reed_pollen;2021;reed_pollen;susi_ale;;;;;;;;
ITS2_susy4pAB;ZR283-S275;ZR283;ZR_283;1;;Osmia_caerulescens;Osmia;NA;Schorfheide;SEG42;reed_pollen;2021;reed_pollen;susi_ale;;;;;;;;
ITS2_susy4pAB;ZR284A-S150;ZR284A;ZR_284A;3;;Osmia_bicornis;Osmia;NA;Schorfheide;SEG42;reed_pollen;2021;reed_pollen;susi_ale;;;;;;;;
ITS2_susy4pAB;ZR284B-S177;ZR284B;ZR_284B;2;;Osmia_bicornis;Osmia;NA;Schorfheide;SEG42;reed_pollen;2021;reed_pollen;susi_ale;;;;;;;;
ITS2_susy4pAB;ZR285A-S151;ZR285A;ZR_285A;3;;Osmia_caerulescens;Osmia;NA;Schorfheide;SEG42;reed_pollen;2021;reed_pollen;susi_ale;;;;;;;;
ITS2_susy4pAB;ZR285B-S152;ZR285B;ZR_285B;3;;Osmia_caerulescens;Osmia;NA;Schorfheide;SEG42;reed_pollen;2021;reed_pollen;susi_ale;;;;;;;;
ITS2_susy4pAB;ZR285C-S153;ZR285C;ZR_285C;3;;Osmia_caerulescens;Osmia;NA;Schorfheide;SEG42;reed_pollen;2021;reed_pollen;susi_ale;;;;;;;;
ITS2_susy4pAB;ZR287-S154;ZR287;ZR_287;2;;Osmia_bicornis;Osmia;NA;Schorfheide;SEG42;reed_pollen;2021;reed_pollen;susi_ale;;;;;;;;
ITS2_susy4pAB;ZR290A-S155;ZR290A;ZR_290A;2;;Osmia_bicornis;Osmia;NA;Schorfheide;SEG42;reed_pollen;2021;reed_pollen;susi_ale;;;;;;;;
ITS2_susy4pAB;ZR290B-S156;ZR290B;ZR_290B;2;;Osmia_bicornis;Osmia;NA;Schorfheide;SEG42;reed_pollen;2021;reed_pollen;susi_ale;;;;;;;;
ITS2_susy4pAB;ZR291-S157;ZR291;ZR_291;1;;Osmia_bicornis;Osmia;NA;Schorfheide;SEG42;reed_pollen;2021;reed_pollen;susi_ale;;;;;;;;
ITS2_susy4pAB;ZR294-S158;ZR294;ZR_294;3;;Osmia_bicornis;Osmia;NA;Schorfheide;SEG42;reed_pollen;2021;reed_pollen;susi_ale;;;;;;;;
ITS2_susy4pAB;ZR299A-S282;ZR299A;ZR_299A;3;;Osmia_bicornis;Osmia;NA;Schorfheide;SEG42;reed_pollen;2021;reed_pollen;susi_ale;;;;;;;;
ITS2_susy4pAB;ZR299B-S160;ZR299B;ZR_299B;2;;Osmia_bicornis;Osmia;NA;Schorfheide;SEG42;reed_pollen;2021;reed_pollen;susi_ale;;;;;;;;
ITS2_susy4pAB;ZR299C-S161;ZR299C;ZR_299C;3;;Osmia_bicornis;Osmia;NA;Schorfheide;SEG42;reed_pollen;2021;reed_pollen;susi_ale;;;;;;;;
ITS2_susy4pAB;ZR302-S178;ZR302;ZR_302;1;;Osmia_bicornis;Osmia;NA;Schorfheide;SEG42;reed_pollen;2021;reed_pollen;susi_ale;;;;;;;;
ITS2_susy4pAB;ZR303-S179;ZR303;ZR_303;2;;Osmia_bicornis;Osmia;NA;Schorfheide;SEG42;reed_pollen;2021;reed_pollen;susi_ale;;;;;;;;
ITS2_susy4pAB;ZR304-S276;ZR304;ZR_304;1;;Osmia_bicornis;Osmia;NA;Schorfheide;SEG42;reed_pollen;2021;reed_pollen;susi_ale;;;;;;;;
ITS2_susy4pAB;ZR305-S180;ZR305;ZR_305;2;;Osmia_bicornis;Osmia;NA;Schorfheide;SEG42;reed_pollen;2021;reed_pollen;susi_ale;;;;;;;;
ITS2_susy4pAB;ZR307-S163;ZR307;ZR_307;2;;Osmia_bicornis;Osmia;NA;Schorfheide;SEG42;reed_pollen;2021;reed_pollen;susi_ale;;;;;;;;
ITS2_susy4pAB;ZR-60A-S99;ZR-60A;ZR_060A;4;;NA;NA;NA;Schorfheide;SEG43;reed_pollen;2020;reed_pollen;susi_ale;;;;;;;;
ITS2_susy4pAB;ZR-60B-S100;ZR-60B;ZR_060B;1;;NA;NA;NA;Schorfheide;SEG43;reed_pollen;2020;reed_pollen;susi_ale;;;;;;;;
ITS2_susy4pAB;ZR-61-S101;ZR-61;ZR_061;3;;NA;NA;NA;Schorfheide;SEG43;reed_pollen;2020;reed_pollen;susi_ale;;;;;;;;
ITS2_susy4pAB;ZR-62-S102;ZR-62;ZR_062;4;;Osmia_bicornis;Osmia;NA;Schorfheide;SEG43;reed_pollen;2020;reed_pollen;susi_ale;;;;;;;;
ITS2_susy4pAB;ZR-105A-S311;ZR-105A;ZR_105A;4;;NA;NA;NA;Schorfheide;SEG43;reed_pollen;2020;reed_pollen;susi_ale;;;;;;;;
ITS2_susy4pAB;ZR-105B-S312;ZR-105B;ZR_105B;2;;NA;NA;NA;Schorfheide;SEG43;reed_pollen;2020;reed_pollen;susi_ale;;;;;;;;
ITS2_susy4pAB;ZR-106A-S325;ZR-106A;ZR_106A;4;;Osmia_leaiana;Osmia;NA;Schorfheide;SEG43;reed_pollen;2020;reed_pollen;susi_ale;;;;;;;;
ITS2_susy4pAB;ZR-106B-S326;ZR-106B;ZR_106B;3;;Osmia_leaiana;Osmia;NA;Schorfheide;SEG43;reed_pollen;2020;reed_pollen;susi_ale;;;;;;;;
ITS2_susy4pAB;ZR131A-S338;ZR131A;ZR_131A;3;;Osmia_caerulescens;Osmia;NA;Schorfheide;SEG43;reed_pollen;2021;reed_pollen;susi_ale;;;;;;;;
ITS2_susy4pAB;ZR132A-S339;ZR132A;ZR_132A;2;;NA;NA;NA;Schorfheide;SEG43;reed_pollen;2021;reed_pollen;susi_ale;;;;;;;;
ITS2_susy4pAB;ZR132B-S246;ZR132B;ZR_132B;3;;NA;NA;NA;Schorfheide;SEG43;reed_pollen;2021;reed_pollen;susi_ale;;;;;;;;
ITS2_susy4pAB;ZR133-S237;ZR133;ZR_133;3;;NA;NA;NA;Schorfheide;SEG43;reed_pollen;2021;reed_pollen;susi_ale;;;;;;;;
ITS2_susy4pAB;ZR205-S76;ZR205;ZR_205;1;;Osmia_bicornis;Osmia;NA;Schorfheide;SEG43;reed_pollen;2021;reed_pollen;susi_ale;;;;;;;;
ITS2_susy4pAB;ZR207-S77;ZR207;ZR_207;2;;Osmia_bicornis;Osmia;NA;Schorfheide;SEG43;reed_pollen;2021;reed_pollen;susi_ale;;;;;;;;
ITS2_susy4pAB;ZR210-S78;ZR210;ZR_210;3;;NA;NA;NA;Schorfheide;SEG43;reed_pollen;2021;reed_pollen;susi_ale;;;;;;;;
ITS2_susy4pAB;ZR-63-S103;ZR-63;ZR_063;4;;NA;NA;NA;Schorfheide;SEG44;reed_pollen;2020;reed_pollen;susi_ale;;;;;;;;
ITS2_susy4pAB;ZR-64-S230;ZR-64;ZR_064;3;;NA;NA;NA;Schorfheide;SEG44;reed_pollen;2020;reed_pollen;susi_ale;;;;;;;;
ITS2_susy4pAB;ZR-102-S345;ZR-102;ZR_102;4;;Megachile_centuncularis;Megachile;NA;Schorfheide;SEG44;reed_pollen;2020;reed_pollen;susi_ale;;;;;;;;
ITS2_susy4pAB;ZR-103A-S308;ZR-103A;ZR_103A;4;;Megachile_centuncularis;Megachile;NA;Schorfheide;SEG44;reed_pollen;2020;reed_pollen;susi_ale;;;;;;;;
ITS2_susy4pAB;ZR-103B-S309;ZR-103B;ZR_103B;1;;Megachile_centuncularis;Megachile;NA;Schorfheide;SEG44;reed_pollen;2020;reed_pollen;susi_ale;;;;;;;;
ITS2_susy4pAB;ZR211-S259;ZR211;ZR_211;2;;Osmia_bicornis;Osmia;NA;Schorfheide;SEG44;reed_pollen;2021;reed_pollen;susi_ale;;;;;;;;
ITS2_susy4pAB;ZR214A-S80;ZR214A;ZR_214A;2;;Osmia_bicornis;Osmia;NA;Schorfheide;SEG44;reed_pollen;2021;reed_pollen;susi_ale;;;;;;;;
ITS2_susy4pAB;ZR214B-S81;ZR214B;ZR_214B;3;;Osmia_bicornis;Osmia;NA;Schorfheide;SEG44;reed_pollen;2021;reed_pollen;susi_ale;;;;;;;;
ITS2_susy4pAB;ZR215-S82;ZR215;ZR_215;3;;Osmia_bicornis;Osmia;NA;Schorfheide;SEG44;reed_pollen;2021;reed_pollen;susi_ale;;;;;;;;
ITS2_susy4pAB;ZR217-S83;ZR217;ZR_217;2;;Osmia_bicornis;Osmia;NA;Schorfheide;SEG44;reed_pollen;2021;reed_pollen;susi_ale;;;;;;;;
ITS2_susy4pAB;ZR218A-S84;ZR218A;ZR_218A;3;;Osmia_bicornis;Osmia;NA;Schorfheide;SEG44;reed_pollen;2021;reed_pollen;susi_ale;;;;;;;;
ITS2_susy4pAB;ZR218B-S261;ZR218B;ZR_218B;2;;Osmia_bicornis;Osmia;NA;Schorfheide;SEG44;reed_pollen;2021;reed_pollen;susi_ale;;;;;;;;
ITS2_susy4pAB;ZR218C-S86;ZR218C;ZR_218C;2;;Osmia_bicornis;Osmia;NA;Schorfheide;SEG44;reed_pollen;2021;reed_pollen;susi_ale;;;;;;;;
ITS2_susy4pAB;ZR219-S87;ZR219;ZR_219;1;;NA;NA;NA;Schorfheide;SEG44;reed_pollen;2021;reed_pollen;susi_ale;;;;;;;;
ITS2_susy4pAB;ZR220A-S88;ZR220A;ZR_220A;2;;Osmia_bicornis;Osmia;NA;Schorfheide;SEG44;reed_pollen;2021;reed_pollen;susi_ale;;;;;;;;
ITS2_susy4pAB;ZR220B-S89;ZR220B;ZR_220B;3;;Osmia_bicornis;Osmia;NA;Schorfheide;SEG44;reed_pollen;2021;reed_pollen;susi_ale;;;;;;;;
ITS2_susy4pAB;ZR221-S90;ZR221;ZR_221;2;;NA;NA;NA;Schorfheide;SEG44;reed_pollen;2021;reed_pollen;susi_ale;;;;;;;;
ITS2_susy4pAB;ZR224A-S91;ZR224A;ZR_224A;2;;Osmia_bicornis;Osmia;NA;Schorfheide;SEG44;reed_pollen;2021;reed_pollen;susi_ale;;;;;;;;
ITS2_susy4pAB;ZR224B-S260;ZR224B;ZR_224B;2;;Osmia_bicornis;Osmia;NA;Schorfheide;SEG44;reed_pollen;2021;reed_pollen;susi_ale;;;;;;;;
ITS2_susy4pAB;ZR229-S93;ZR229;ZR_229;1;;Osmia_bicornis;Osmia;NA;Schorfheide;SEG44;reed_pollen;2021;reed_pollen;susi_ale;;;;;;;;
ITS2_susy4pAB;ZR230-S94;ZR230;ZR_230;3;;Osmia_bicornis;Osmia;NA;Schorfheide;SEG44;reed_pollen;2021;reed_pollen;susi_ale;;;;;;;;
ITS2_susy4pAB;ZR231-S95;ZR231;ZR_231;1;;Osmia_bicornis;Osmia;NA;Schorfheide;SEG44;reed_pollen;2021;reed_pollen;susi_ale;;;;;;;;
ITS2_susy4pAB;ZR232-S270;ZR232;ZR_232;1;;NA;NA;NA;Schorfheide;SEG44;reed_pollen;2021;reed_pollen;susi_ale;;;;;;;;
ITS2_susy4pAB;ZR233-S98;ZR233;ZR_233;1;;Osmia_bicornis;Osmia;NA;Schorfheide;SEG44;reed_pollen;2021;reed_pollen;susi_ale;;;;;;;;
ITS2_susy4pAB;ZR234-S99;ZR234;ZR_234;3;;Osmia_bicornis;Osmia;NA;Schorfheide;SEG44;reed_pollen;2021;reed_pollen;susi_ale;;;;;;;;
ITS2_susy4pAB;ZR235-S100;ZR235;ZR_235;2;;Osmia_bicornis;Osmia;NA;Schorfheide;SEG44;reed_pollen;2021;reed_pollen;susi_ale;;;;;;;;
ITS2_susy4pAB;ZR237A-S101;ZR237A;ZR_237A;2;;Osmia_bicornis;Osmia;NA;Schorfheide;SEG44;reed_pollen;2021;reed_pollen;susi_ale;;;;;;;;
ITS2_susy4pAB;ZR237B-S102;ZR237B;ZR_237B;2;;Osmia_bicornis;Osmia;NA;Schorfheide;SEG44;reed_pollen;2021;reed_pollen;susi_ale;;;;;;;;
ITS2_susy4pAB;ZR238A-S103;ZR238A;ZR_238A;2;;Osmia_bicornis;Osmia;NA;Schorfheide;SEG44;reed_pollen;2021;reed_pollen;susi_ale;;;;;;;;
ITS2_susy4pAB;ZR238B-S288;ZR238B;ZR_238B;2;;Osmia_bicornis;Osmia;NA;Schorfheide;SEG44;reed_pollen;2021;reed_pollen;susi_ale;;;;;;;;
ITS2_susy4pAB;ZR239-S105;ZR239;ZR_239;2;;Osmia_bicornis;Osmia;NA;Schorfheide;SEG44;reed_pollen;2021;reed_pollen;susi_ale;;;;;;;;
ITS2_susy4pAB;ZR240-S106;ZR240;ZR_240;1;;Osmia_bicornis;Osmia;NA;Schorfheide;SEG44;reed_pollen;2021;reed_pollen;susi_ale;;;;;;;;
ITS2_susy4pAB;ZR241-S107;ZR241;ZR_241;2;;NA;NA;NA;Schorfheide;SEG44;reed_pollen;2021;reed_pollen;susi_ale;;;;;;;;
ITS2_susy4pAB;ZR244-S108;ZR244;ZR_244;3;;Osmia_bicornis;Osmia;NA;Schorfheide;SEG44;reed_pollen;2021;reed_pollen;susi_ale;;;;;;;;
ITS2_susy4pAB;ZR245-S109;ZR245;ZR_245;1;;NA;NA;NA;Schorfheide;SEG44;reed_pollen;2021;reed_pollen;susi_ale;;;;;;;;
ITS2_susy4pAB;ZR246A-S272;ZR246A;ZR_246A;2;;Osmia_bicornis;Osmia;NA;Schorfheide;SEG44;reed_pollen;2021;reed_pollen;susi_ale;;;;;;;;
ITS2_susy4pAB;ZR246B-S111;ZR246B;ZR_246B;2;;Osmia_bicornis;Osmia;NA;Schorfheide;SEG44;reed_pollen;2021;reed_pollen;susi_ale;;;;;;;;
ITS2_susy4pAB;ZR246C-S112;ZR246C;ZR_246C;2;;Osmia_bicornis;Osmia;NA;Schorfheide;SEG44;reed_pollen;2021;reed_pollen;susi_ale;;;;;;;;
ITS2_susy4pAB;ZR247-S113;ZR247;ZR_247;3;;NA;NA;NA;Schorfheide;SEG44;reed_pollen;2021;reed_pollen;susi_ale;;;;;;;;
ITS2_susy4pAB;ZR248-S114;ZR248;ZR_248;1;;Osmia_bicornis;Osmia;NA;Schorfheide;SEG44;reed_pollen;2021;reed_pollen;susi_ale;;;;;;;;
ITS2_susy4pAB;ZR249-S287;ZR249;ZR_249;1;;Osmia_bicornis;Osmia;NA;Schorfheide;SEG44;reed_pollen;2021;reed_pollen;susi_ale;;;;;;;;
ITS2_susy4pAB;ZR250-S116;ZR250;ZR_250;2;;Osmia_bicornis;Osmia;NA;Schorfheide;SEG44;reed_pollen;2021;reed_pollen;susi_ale;;;;;;;;
ITS2_susy4pAB;ZR251-S117;ZR251;ZR_251;3;;NA;NA;NA;Schorfheide;SEG44;reed_pollen;2021;reed_pollen;susi_ale;;;;;;;;
ITS2_susy4pAB;ZR252-S118;ZR252;ZR_252;3;;Osmia_caerulescens;Osmia;NA;Schorfheide;SEG44;reed_pollen;2021;reed_pollen;susi_ale;;;;;;;;
ITS2_susy4pAB;ZR255-S119;ZR255;ZR_255;1;;Osmia_bicornis;Osmia;NA;Schorfheide;SEG44;reed_pollen;2021;reed_pollen;susi_ale;;;;;;;;
ITS2_susy4pAB;ZR256A-S120;ZR256A;ZR_256A;2;;NA;NA;NA;Schorfheide;SEG44;reed_pollen;2021;reed_pollen;susi_ale;;;;;;;;
ITS2_susy4pAB;ZR256B-S121;ZR256B;ZR_256B;3;;NA;NA;NA;Schorfheide;SEG44;reed_pollen;2021;reed_pollen;susi_ale;;;;;;;;
ITS2_susy4pAB;ZR256C-S122;ZR256C;ZR_256C;2;;NA;NA;NA;Schorfheide;SEG44;reed_pollen;2021;reed_pollen;susi_ale;;;;;;;;
ITS2_susy4pAB;ZR257-S273;ZR257;ZR_257;1;;Osmia_bicornis;Osmia;NA;Schorfheide;SEG44;reed_pollen;2021;reed_pollen;susi_ale;;;;;;;;
ITS2_susy4pAB;ZR258A-S124;ZR258A;ZR_258A;2;;Osmia_bicornis;Osmia;NA;Schorfheide;SEG44;reed_pollen;2021;reed_pollen;susi_ale;;;;;;;;
ITS2_susy4pAB;ZR258B-S125;ZR258B;ZR_258B;3;;Osmia_bicornis;Osmia;NA;Schorfheide;SEG44;reed_pollen;2021;reed_pollen;susi_ale;;;;;;;;
ITS2_susy4pAB;ZR258C-S286;ZR258C;ZR_258C;3;;Osmia_bicornis;Osmia;NA;Schorfheide;SEG44;reed_pollen;2021;reed_pollen;susi_ale;;;;;;;;
ITS2_susy4pAB;ZR259-S127;ZR259;ZR_259;1;;NA;NA;NA;Schorfheide;SEG44;reed_pollen;2021;reed_pollen;susi_ale;;;;;;;;
ITS2_susy4pAB;ZR261A-S128;ZR261A;ZR_261A;2;;Osmia_bicornis;Osmia;NA;Schorfheide;SEG44;reed_pollen;2021;reed_pollen;susi_ale;;;;;;;;
ITS2_susy4pAB;ZR261B-S129;ZR261B;ZR_261B;3;;Osmia_bicornis;Osmia;NA;Schorfheide;SEG44;reed_pollen;2021;reed_pollen;susi_ale;;;;;;;;
ITS2_susy4pAB;ZR262A-S130;ZR262A;ZR_262A;2;;Osmia_bicornis;Osmia;NA;Schorfheide;SEG44;reed_pollen;2021;reed_pollen;susi_ale;;;;;;;;
ITS2_susy4pAB;ZR262B-S131;ZR262B;ZR_262B;2;;Osmia_bicornis;Osmia;NA;Schorfheide;SEG44;reed_pollen;2021;reed_pollen;susi_ale;;;;;;;;
ITS2_susy4pAB;ZR263A-S132;ZR263A;ZR_263A;2;;NA;NA;NA;Schorfheide;SEG44;reed_pollen;2021;reed_pollen;susi_ale;;;;;;;;
ITS2_susy4pAB;ZR263B-S133;ZR263B;ZR_263B;3;;NA;NA;NA;Schorfheide;SEG44;reed_pollen;2021;reed_pollen;susi_ale;;;;;;;;
ITS2_susy4pAB;ZR266A-S134;ZR266A;ZR_266A;2;;Osmia_bicornis;Osmia;NA;Schorfheide;SEG44;reed_pollen;2021;reed_pollen;susi_ale;;;;;;;;
ITS2_susy4pAB;ZR266B-S135;ZR266B;ZR_266B;2;;Osmia_bicornis;Osmia;NA;Schorfheide;SEG44;reed_pollen;2021;reed_pollen;susi_ale;;;;;;;;
ITS2_susy4pAB;ZR267-S274;ZR267;ZR_267;1;;Osmia_caerulescens;Osmia;NA;Schorfheide;SEG44;reed_pollen;2021;reed_pollen;susi_ale;;;;;;;;
ITS2_susy4pAB;ZR270-S285;ZR270;ZR_270;2;;Osmia_bicornis;Osmia;NA;Schorfheide;SEG44;reed_pollen;2021;reed_pollen;susi_ale;;;;;;;;
ITS2_susy4pAB;ZR271-S138;ZR271;ZR_271;1;;Osmia_bicornis;Osmia;NA;Schorfheide;SEG44;reed_pollen;2021;reed_pollen;susi_ale;;;;;;;;
ITS2_susy4pAB;ZR273A-S139;ZR273A;ZR_273A;2;;Osmia_bicornis;Osmia;NA;Schorfheide;SEG44;reed_pollen;2021;reed_pollen;susi_ale;;;;;;;;
ITS2_susy4pAB;ZR273B-S140;ZR273B;ZR_273B;3;;Osmia_bicornis;Osmia;NA;Schorfheide;SEG44;reed_pollen;2021;reed_pollen;susi_ale;;;;;;;;
ITS2_susy4pAB;ZR275-S141;ZR275;ZR_275;1;;NA;NA;NA;Schorfheide;SEG44;reed_pollen;2021;reed_pollen;susi_ale;;;;;;;;
ITS2_susy4pAB;ZR330-S176;ZR330;ZR_330;3;;Osmia_bicornis;Osmia;NA;Schorfheide;SEG44;reed_pollen;2021;reed_pollen;susi_ale;;;;;;;;
ITS2_susy4pAB;ZR118-S314;ZR118;ZR_118;3;;Osmia_sp;Osmia;NA;Schorfheide ;SEG44;reed_pollen;2021;reed_pollen;susi_ale;;;;;;;;
ITS2_susy4pAB;ZR119A-S235;ZR119A;ZR_119A;2;;Osmia_bicornis;Osmia;NA;Schorfheide ;SEG44;reed_pollen;2021;reed_pollen;susi_ale;;;;;;;;
ITS2_susy4pAB;ZR119B-S316;ZR119B;ZR_119B;2;;Osmia_bicornis;Osmia;NA;Schorfheide ;SEG44;reed_pollen;2021;reed_pollen;susi_ale;;;;;;;;
ITS2_susy4pAB;ZR120A-S317;ZR120A;ZR_120A;2;;Osmia_bicornis;Osmia;NA;Schorfheide ;SEG44;reed_pollen;2021;reed_pollen;susi_ale;;;;;;;;
ITS2_susy4pAB;ZR120B-S248;ZR120B;ZR_120B;2;;Osmia_bicornis;Osmia;NA;Schorfheide ;SEG44;reed_pollen;2021;reed_pollen;susi_ale;;;;;;;;
ITS2_susy4pAB;ZR120C-S319;ZR120C;ZR_120C;3;;Osmia_bicornis;Osmia;NA;Schorfheide ;SEG44;reed_pollen;2021;reed_pollen;susi_ale;;;;;;;;
ITS2_susy4pAB;ZR121A-S320;ZR121A;ZR_121A;2;;Osmia_bicornis;Osmia;NA;Schorfheide ;SEG44;reed_pollen;2021;reed_pollen;susi_ale;;;;;;;;
ITS2_susy4pAB;ZR122A-S321;ZR122A;ZR_122A;2;;Osmia_bicornis;Osmia;NA;Schorfheide ;SEG44;reed_pollen;2021;reed_pollen;susi_ale;;;;;;;;
ITS2_susy4pAB;ZR122B-S322;ZR122B;ZR_122B;2;;Osmia_bicornis;Osmia;NA;Schorfheide ;SEG44;reed_pollen;2021;reed_pollen;susi_ale;;;;;;;;
ITS2_susy4pAB;ZR123-S323;ZR123;ZR_123;3;;Osmia_bicornis;Osmia;NA;Schorfheide ;SEG44;reed_pollen;2021;reed_pollen;susi_ale;;;;;;;;
ITS2_susy4pAB;ZR124A-S324;ZR124A;ZR_124A;2;;Osmia_bicornis;Osmia;NA;Schorfheide ;SEG44;reed_pollen;2021;reed_pollen;susi_ale;;;;;;;;
ITS2_susy4pAB;ZR125A-S325;ZR125A;ZR_125A;2;;Osmia_bicornis;Osmia;NA;Schorfheide ;SEG44;reed_pollen;2021;reed_pollen;susi_ale;;;;;;;;
ITS2_susy4pAB;ZR125B-S326;ZR125B;ZR_125B;3;;Osmia_bicornis;Osmia;NA;Schorfheide ;SEG44;reed_pollen;2021;reed_pollen;susi_ale;;;;;;;;
ITS2_susy4pAB;ZR126A-S327;ZR126A;ZR_126A;2;;Osmia_bicornis;Osmia;NA;Schorfheide ;SEG44;reed_pollen;2021;reed_pollen;susi_ale;;;;;;;;
ITS2_susy4pAB;ZR126B-S236;ZR126B;ZR_126B;2;;Osmia_bicornis;Osmia;NA;Schorfheide ;SEG44;reed_pollen;2021;reed_pollen;susi_ale;;;;;;;;
ITS2_susy4pAB;ZR127A-S247;ZR127A;ZR_127A;2;;Osmia_bicornis;Osmia;NA;Schorfheide ;SEG44;reed_pollen;2021;reed_pollen;susi_ale;;;;;;;;
ITS2_susy4pAB;ZR127B-S330;ZR127B;ZR_127B;3;;Osmia_bicornis;Osmia;NA;Schorfheide ;SEG44;reed_pollen;2021;reed_pollen;susi_ale;;;;;;;;
ITS2_susy4pAB;ZR128-S331;ZR128;ZR_128;2;;Osmia_bicornis;Osmia;NA;Schorfheide ;SEG44;reed_pollen;2021;reed_pollen;susi_ale;;;;;;;;
ITS2_susy4pAB;ZR129A-S332;ZR129A;ZR_129A;2;;Osmia_bicornis;Osmia;NA;Schorfheide ;SEG44;reed_pollen;2021;reed_pollen;susi_ale;;;;;;;;
ITS2_susy4pAB;ZR129B-S333;ZR129B;ZR_129B;3;;Osmia_bicornis;Osmia;NA;Schorfheide ;SEG44;reed_pollen;2021;reed_pollen;susi_ale;;;;;;;;
ITS2_susy4pAB;ZR130A-S334;ZR130A;ZR_130A;2;;Osmia_bicornis;Osmia;NA;Schorfheide ;SEG44;reed_pollen;2021;reed_pollen;susi_ale;;;;;;;;
ITS2_susy4pAB;ZR130B-S335;ZR130B;ZR_130B;2;;Osmia_bicornis;Osmia;NA;Schorfheide ;SEG44;reed_pollen;2021;reed_pollen;susi_ale;;;;;;;;
ITS2_susy4pAB;ZR130C-S336;ZR130C;ZR_130C;2;;Osmia_bicornis;Osmia;NA;Schorfheide ;SEG44;reed_pollen;2021;reed_pollen;susi_ale;;;;;;;;
ITS2_susy4pAB;ZR130D-S337;ZR130D;ZR_130D;3;;Osmia_bicornis;Osmia;NA;Schorfheide ;SEG44;reed_pollen;2021;reed_pollen;susi_ale;;;;;;;;
ITS2_susy4pAB;ZR-104-S310;ZR-104;ZR_104;3;;NA;NA;NA;Schorfheide;SEG45;reed_pollen;2020;reed_pollen;susi_ale;;;;;;;;
ITS2_susy4pAB;Bi-P1718021;Bi-P1718021;Bi-P1718021;NA;;Osmia cornuta;Osmia;NA;Schorfheide;SEG05;reed_pollen;2017;reed_pollen;birte;;;;;;;;
ITS2_susy4pAB;Bi-P1718025;Bi-P1718025;Bi-P1718025;NA;;Chelostoma florisomne;Chelostoma;NA;Schorfheide;SEG05;reed_pollen;2017;reed_pollen;birte;;;;;;;;
ITS2_susy4pAB;Bi-P1718036;Bi-P1718036;Bi-P1718036;NA;;Osmia bicornis;Osmia;NA;Schorfheide;SEG05;reed_pollen;2017;reed_pollen;birte;;;;;;;;
ITS2_susy4pAB;Bi-P1718037;Bi-P1718037;Bi-P1718037;NA;;Osmia bicornis;Osmia;NA;Schorfheide;SEG05;reed_pollen;2017;reed_pollen;birte;;;;;;;;
ITS2_susy4pAB;Bi-P1718038;Bi-P1718038;Bi-P1718038;NA;;Osmia bicornis;Osmia;NA;Schorfheide;SEG05;reed_pollen;2017;reed_pollen;birte;;;;;;;;
ITS2_susy4pAB;Bi-P1718039;Bi-P1718039;Bi-P1718039;NA;;Osmia bicornis;Osmia;NA;Schorfheide;SEG05;reed_pollen;2017;reed_pollen;birte;;;;;;;;
ITS2_susy4pAB;Bi-P1718040;Bi-P1718040;Bi-P1718040;NA;;Osmia bicornis;Osmia;NA;Schorfheide;SEG05;reed_pollen;2017;reed_pollen;birte;;;;;;;;
ITS2_susy4pAB;Bi-P1718095;Bi-P1718095;Bi-P1718095;NA;;Chelostoma florisomne;Chelostoma;NA;Schorfheide;SEG05;reed_pollen;2017;reed_pollen;birte;;;;;;;;
ITS2_susy4pAB;Bi-P1718096;Bi-P1718096;Bi-P1718096;NA;;Osmia bicornis;Osmia;NA;Schorfheide;SEG05;reed_pollen;2017;reed_pollen;birte;;;;;;;;
ITS2_susy4pAB;Bi-P1718097;Bi-P1718097;Bi-P1718097;NA;;Osmia bicornis;Osmia;NA;Schorfheide;SEG05;reed_pollen;2017;reed_pollen;birte;;;;;;;;
ITS2_susy4pAB;Bi-P1718098;Bi-P1718098;Bi-P1718098;NA;;Osmia bicornis;Osmia;NA;Schorfheide;SEG05;reed_pollen;2017;reed_pollen;birte;;;;;;;;
ITS2_susy4pAB;Bi-P1718099;Bi-P1718099;Bi-P1718099;NA;;Osmia bicornis;Osmia;NA;Schorfheide;SEG05;reed_pollen;2017;reed_pollen;birte;;;;;;;;
ITS2_susy4pAB;Bi-P1718130;Bi-P1718130;Bi-P1718130;NA;;Osmia bicornis;Osmia;NA;Schorfheide;SEG05;reed_pollen;2017;reed_pollen;birte;;;;;;;;
ITS2_susy4pAB;ZR-9-S10;ZR-9;ZR_009;3;;NA;NA;NA;Schorfheide;SEG05;reed_pollen;2020;reed_pollen;susi_ale;;;;;;;;
ITS2_susy4pAB;ZR-10-S11;ZR-10;ZR_010;3;;Osmia_bicornis;Osmia;NA;Schorfheide;SEG05;reed_pollen;2020;reed_pollen;susi_ale;;;;;;;;
ITS2_susy4pAB;ZR-11A-S12;ZR-11A;ZR_011A;4;;Osmia_bicornis;Osmia;NA;Schorfheide;SEG05;reed_pollen;2020;reed_pollen;susi_ale;;;;;;;;
ITS2_susy4pAB;ZR-11B-S14;ZR-11B;ZR_011B;2;;Osmia_bicornis;Osmia;NA;Schorfheide;SEG05;reed_pollen;2020;reed_pollen;susi_ale;;;;;;;;
ITS2_susy4pAB;ZR-12-S195;ZR-12;ZR_012;4;;Osmia_bicornis;Osmia;NA;Schorfheide;SEG05;reed_pollen;2020;reed_pollen;susi_ale;;;;;;;;
ITS2_susy4pAB;ZR-13A-S15;ZR-13A;ZR_013A;4;;Osmia_bicornis;Osmia;NA;Schorfheide;SEG05;reed_pollen;2020;reed_pollen;susi_ale;;;;;;;;
ITS2_susy4pAB;ZR-13B-S16;ZR-13B;ZR_013B;4;;Osmia_bicornis;Osmia;NA;Schorfheide;SEG05;reed_pollen;2020;reed_pollen;susi_ale;;;;;;;;
ITS2_susy4pAB;ZR-14-S17;ZR-14;ZR_014;2;;NA;NA;NA;Schorfheide;SEG05;reed_pollen;2020;reed_pollen;susi_ale;;;;;;;;
ITS2_susy4pAB;ZR-15A-S18;ZR-15A;ZR_015A;4;;Osmia_bicornis;Osmia;NA;Schorfheide;SEG05;reed_pollen;2020;reed_pollen;susi_ale;;;;;;;;
ITS2_susy4pAB;ZR-15B-S210;ZR-15B;ZR_015B;4;;Osmia_bicornis;Osmia;NA;Schorfheide;SEG05;reed_pollen;2021;reed_pollen;susi_ale;;;;;;;;
ITS2_susy4pAB;ZR-15C-S20;ZR-15C;ZR_015C;1;;Osmia_bicornis;Osmia;NA;Schorfheide;SEG05;reed_pollen;2020;reed_pollen;susi_ale;;;;;;;;
ITS2_susy4pAB;ZR-16A-S21;ZR-16A;ZR_016A;4;;Osmia_bicornis;Osmia;NA;Schorfheide;SEG05;reed_pollen;2021;reed_pollen;susi_ale;;;;;;;;
ITS2_susy4pAB;ZR-16B-S22;ZR-16B;ZR_016B;2;;Osmia_bicornis;Osmia;NA;Schorfheide;SEG05;reed_pollen;2021;reed_pollen;susi_ale;;;;;;;;
ITS2_susy4pAB;ZR-21A-S196;ZR-21A;ZR_021A;4;;Osmia_bicornis;Osmia;NA;Schorfheide;SEG05;reed_pollen;2020;reed_pollen;susi_ale;;;;;;;;
ITS2_susy4pAB;ZR-21B-S28;ZR-21B;ZR_021B;4;;Osmia_bicornis;Osmia;NA;Schorfheide;SEG05;reed_pollen;2020;reed_pollen;susi_ale;;;;;;;;
ITS2_susy4pAB;ZR-21C-S29;ZR-21C;ZR_021C;2;;Osmia_bicornis;Osmia;NA;Schorfheide;SEG05;reed_pollen;2020;reed_pollen;susi_ale;;;;;;;;
ITS2_susy4pAB;ZR-22-S209;ZR-22;ZR_022;2;;Osmia_bicornis;Osmia;NA;Schorfheide;SEG05;reed_pollen;2020;reed_pollen;susi_ale;;;;;;;;
ITS2_susy4pAB;ZR109A-S290;ZR109A;ZR_109A;3;;Osmia_bicornis;Osmia;NA;Schorfheide;SEG05;reed_pollen;2021;reed_pollen;susi_ale;;;;;;;;
ITS2_susy4pAB;ZR109B-S291;ZR109B;ZR_109B;3;;Osmia_bicornis;Osmia;NA;Schorfheide;SEG05;reed_pollen;2021;reed_pollen;susi_ale;;;;;;;;
ITS2_susy4pAB;ZR109C-S292;ZR109C;ZR_109C;3;;Osmia_bicornis;Osmia;NA;Schorfheide;SEG05;reed_pollen;2021;reed_pollen;susi_ale;;;;;;;;
ITS2_susy4pAB;ZR174A-S36;ZR174A;ZR_174A;2;;Osmia_bicornis;Osmia;NA;Schorfheide;SEG05;reed_pollen;2021;reed_pollen;susi_ale;;;;;;;;
ITS2_susy4pAB;ZR174B-S325;ZR174B;ZR_174B;2;;Osmia_bicornis;Osmia;NA;Schorfheide;SEG05;reed_pollen;2021;reed_pollen;susi_ale;;;;;;;;
ITS2_susy4pAB;ZR174C-S38;ZR174C;ZR_174C;2;;Osmia_bicornis;Osmia;NA;Schorfheide;SEG05;reed_pollen;2021;reed_pollen;susi_ale;;;;;;;;
ITS2_susy4pAB;ZR176-S39;ZR176;ZR_176;3;;Osmia_bicornis;Osmia;NA;Schorfheide;SEG05;reed_pollen;2021;reed_pollen;susi_ale;;;;;;;;
ITS2_susy4pAB;ZR177A-S254;ZR177A;ZR_177A;2;;NA;NA;NA;Schorfheide;SEG05;reed_pollen;2021;reed_pollen;susi_ale;;;;;;;;
ITS2_susy4pAB;ZR177B-S265;ZR177B;ZR_177B;2;;NA;NA;NA;Schorfheide;SEG05;reed_pollen;2021;reed_pollen;susi_ale;;;;;;;;
ITS2_susy4pAB;ZR178A-S42;ZR178A;ZR_178A;2;;Osmia_bicornis;Osmia;NA;Schorfheide;SEG05;reed_pollen;2021;reed_pollen;susi_ale;;;;;;;;
ITS2_susy4pAB;ZR178B-S43;ZR178B;ZR_178B;2;;Osmia_bicornis;Osmia;NA;Schorfheide;SEG05;reed_pollen;2021;reed_pollen;susi_ale;;;;;;;;
ITS2_susy4pAB;ZR179A-S44;ZR179A;ZR_179A;2;;Osmia_bicornis;Osmia;NA;Schorfheide;SEG05;reed_pollen;2021;reed_pollen;susi_ale;;;;;;;;
ITS2_susy4pAB;ZR179B-S45;ZR179B;ZR_179B;2;;Osmia_bicornis;Osmia;NA;Schorfheide;SEG05;reed_pollen;2021;reed_pollen;susi_ale;;;;;;;;
ITS2_susy4pAB;ZR179C-S46;ZR179C;ZR_179C;3;;Osmia_bicornis;Osmia;NA;Schorfheide;SEG05;reed_pollen;2021;reed_pollen;susi_ale;;;;;;;;
ITS2_susy4pAB;ZR180A-S47;ZR180A;ZR_180A;2;;Osmia_bicornis;Osmia;NA;Schorfheide;SEG05;reed_pollen;2021;reed_pollen;susi_ale;;;;;;;;
ITS2_susy4pAB;ZR180B-S48;ZR180B;ZR_180B;2;;Osmia_bicornis;Osmia;NA;Schorfheide;SEG05;reed_pollen;2021;reed_pollen;susi_ale;;;;;;;;
ITS2_susy4pAB;ZR180C-S49;ZR180C;ZR_180C;2;;Osmia_bicornis;Osmia;NA;Schorfheide;SEG05;reed_pollen;2021;reed_pollen;susi_ale;;;;;;;;
ITS2_susy4pAB;ZR182-S50;ZR182;ZR_182;1;;Osmia_bicornis;Osmia;NA;Schorfheide;SEG05;reed_pollen;2021;reed_pollen;susi_ale;;;;;;;;
ITS2_susy4pAB;ZR183A-S51;ZR183A;ZR_183A;2;;Osmia_bicornis;Osmia;NA;Schorfheide;SEG05;reed_pollen;2021;reed_pollen;susi_ale;;;;;;;;
ITS2_susy4pAB;ZR183B-S264;ZR183B;ZR_183B;2;;Osmia_bicornis;Osmia;NA;Schorfheide;SEG05;reed_pollen;2021;reed_pollen;susi_ale;;;;;;;;
ITS2_susy4pAB;ZR183C-S256;ZR183C;ZR_183C;3;;Osmia_bicornis;Osmia;NA;Schorfheide;SEG05;reed_pollen;2021;reed_pollen;susi_ale;;;;;;;;
ITS2_susy4pAB;ZR184-S54;ZR184;ZR_184;NA;;Osmia_bicornis;Osmia;NA;Schorfheide;SEG05;reed_pollen;2021;reed_pollen;susi_ale;;;;;;;;
ITS2_susy4pAB;ZR185-S55;ZR185;ZR_185;2;;Osmia_bicornis;Osmia;NA;Schorfheide;SEG05;reed_pollen;2021;reed_pollen;susi_ale;;;;;;;;
ITS2_susy4pAB;ZR188A-S56;ZR188A;ZR_188A;2;;Osmia_bicornis;Osmia;NA;Schorfheide;SEG05;reed_pollen;2021;reed_pollen;susi_ale;;;;;;;;
ITS2_susy4pAB;ZR188B-S57;ZR188B;ZR_188B;3;;Osmia_bicornis;Osmia;NA;Schorfheide;SEG05;reed_pollen;2021;reed_pollen;susi_ale;;;;;;;;
ITS2_susy4pAB;ZR189A-S58;ZR189A;ZR_189A;2;;Osmia_bicornis;Osmia;NA;Schorfheide;SEG05;reed_pollen;2021;reed_pollen;susi_ale;;;;;;;;
ITS2_susy4pAB;ZR189B-S59;ZR189B;ZR_189B;2;;Osmia_bicornis;Osmia;NA;Schorfheide;SEG05;reed_pollen;2021;reed_pollen;susi_ale;;;;;;;;
ITS2_susy4pAB;ZR190A-S60;ZR190A;ZR_190A;2;;Osmia_bicornis;Osmia;NA;Schorfheide;SEG05;reed_pollen;2021;reed_pollen;susi_ale;;;;;;;;
ITS2_susy4pAB;ZR190B-S61;ZR190B;ZR_190B;3;;Osmia_bicornis;Osmia;NA;Schorfheide;SEG05;reed_pollen;2021;reed_pollen;susi_ale;;;;;;;;
ITS2_susy4pAB;ZR190C-S62;ZR190C;ZR_190C;3;;Osmia_bicornis;Osmia;NA;Schorfheide;SEG05;reed_pollen;2021;reed_pollen;susi_ale;;;;;;;;
ITS2_susy4pAB;ZR192-S263;ZR192;ZR_192;3;;Osmia_caerulescens;Osmia;NA;Schorfheide;SEG05;reed_pollen;2021;reed_pollen;susi_ale;;;;;;;;
ITS2_susy4pAB;ZR195-S64;ZR195;ZR_195;3;;Osmia_bicornis;Osmia;NA;Schorfheide;SEG05;reed_pollen;2021;reed_pollen;susi_ale;;;;;;;;
ITS2_susy4pAB;ZR196A-S65;ZR196A;ZR_196A;2;;Osmia_bicornis;Osmia;NA;Schorfheide;SEG05;reed_pollen;2021;reed_pollen;susi_ale;;;;;;;;
ITS2_susy4pAB;ZR196B-S257;ZR196B;ZR_196B;3;;Osmia_bicornis;Osmia;NA;Schorfheide;SEG05;reed_pollen;2021;reed_pollen;susi_ale;;;;;;;;
ITS2_susy4pAB;ZR197-S67;ZR197;ZR_197;3;;Osmia_bicornis;Osmia;NA;Schorfheide;SEG05;reed_pollen;2021;reed_pollen;susi_ale;;;;;;;;
ITS2_susy4pAB;ZR200-S68;ZR200;ZR_200;1;;Osmia_bicornis;Osmia;NA;Schorfheide;SEG05;reed_pollen;2021;reed_pollen;susi_ale;;;;;;;;
ITS2_susy4pAB;ZR201A-S69;ZR201A;ZR_201A;2;;Osmia_bicornis;Osmia;NA;Schorfheide;SEG05;reed_pollen;2021;reed_pollen;susi_ale;;;;;;;;
ITS2_susy4pAB;ZR201B-S70;ZR201B;ZR_201B;2;;Osmia_bicornis;Osmia;NA;Schorfheide;SEG05;reed_pollen;2021;reed_pollen;susi_ale;;;;;;;;
ITS2_susy4pAB;ZR201C-S71;ZR201C;ZR_201C;3;;Osmia_bicornis;Osmia;NA;Schorfheide;SEG05;reed_pollen;2021;reed_pollen;susi_ale;;;;;;;;
ITS2_susy4pAB;ZR202-S72;ZR202;ZR_202;1;;Osmia_bicornis;Osmia;NA;Schorfheide;SEG05;reed_pollen;2021;reed_pollen;susi_ale;;;;;;;;
ITS2_susy4pAB;ZR203A-S73;ZR203A;ZR_203A;2;;NA;NA;NA;Schorfheide;SEG05;reed_pollen;2021;reed_pollen;susi_ale;;;;;;;;
ITS2_susy4pAB;ZR203B-S262;ZR203B;ZR_203B;2;;NA;NA;NA;Schorfheide;SEG05;reed_pollen;2021;reed_pollen;susi_ale;;;;;;;;
ITS2_susy4pAB;ZR203C-S75;ZR203C;ZR_203C;3;;NA;NA;NA;Schorfheide;SEG05;reed_pollen;2021;reed_pollen;susi_ale;;;;;;;;
ITS2_susy4pAB;ZR110A-S293;ZR110A;ZR_110A;2;;Osmia_bicornis;Osmia;NA;Schorfheide ;SEG05;reed_pollen;2021;reed_pollen;susi_ale;;;;;;;;
ITS2_susy4pAB;ZR110B-S294;ZR110B;ZR_110B;2;;Osmia_bicornis;Osmia;NA;Schorfheide ;SEG05;reed_pollen;2021;reed_pollen;susi_ale;;;;;;;;
ITS2_susy4pAB;ZR111A-S295;ZR111A;ZR_111A;2;;Osmia_bicornis;Osmia;NA;Schorfheide ;SEG05;reed_pollen;2021;reed_pollen;susi_ale;;;;;;;;
ITS2_susy4pAB;ZR111B-S250;ZR111B;ZR_111B;2;;Osmia_bicornis;Osmia;NA;Schorfheide ;SEG05;reed_pollen;2021;reed_pollen;susi_ale;;;;;;;;
ITS2_susy4pAB;ZR111C-S297;ZR111C;ZR_111C;2;;Osmia_bicornis;Osmia;NA;Schorfheide ;SEG05;reed_pollen;2021;reed_pollen;susi_ale;;;;;;;;
ITS2_susy4pAB;ZR112A-S298;ZR112A;ZR_112A;2;;Osmia_bicornis;Osmia;NA;Schorfheide ;SEG05;reed_pollen;2021;reed_pollen;susi_ale;;;;;;;;
ITS2_susy4pAB;ZR112B-S299;ZR112B;ZR_112B;3;;Osmia_bicornis;Osmia;NA;Schorfheide ;SEG05;reed_pollen;2021;reed_pollen;susi_ale;;;;;;;;
ITS2_susy4pAB;ZR113A-S300;ZR113A;ZR_113A;2;;Osmia_bicornis;Osmia;NA;Schorfheide ;SEG05;reed_pollen;2021;reed_pollen;susi_ale;;;;;;;;
ITS2_susy4pAB;ZR113B-S301;ZR113B;ZR_113B;3;;Osmia_bicornis;Osmia;NA;Schorfheide ;SEG05;reed_pollen;2021;reed_pollen;susi_ale;;;;;;;;
ITS2_susy4pAB;ZR114A-S234;ZR114A;ZR_114A;3;;Osmia_bicornis;Osmia;NA;Schorfheide ;SEG05;reed_pollen;2021;reed_pollen;susi_ale;;;;;;;;
ITS2_susy4pAB;ZR114B-S303;ZR114B;ZR_114B;3;;Osmia_bicornis;Osmia;NA;Schorfheide ;SEG05;reed_pollen;2021;reed_pollen;susi_ale;;;;;;;;
ITS2_susy4pAB;ZR114C-S304;ZR114C;ZR_114C;3;;Osmia_bicornis;Osmia;NA;Schorfheide ;SEG05;reed_pollen;2021;reed_pollen;susi_ale;;;;;;;;
ITS2_susy4pAB;ZR115A-S305;ZR115A;ZR_115A;3;;Osmia_bicornis;Osmia;NA;Schorfheide ;SEG05;reed_pollen;2021;reed_pollen;susi_ale;;;;;;;;
ITS2_susy4pAB;ZR115B-S249;ZR115B;ZR_115B;3;;Osmia_bicornis;Osmia;NA;Schorfheide ;SEG05;reed_pollen;2021;reed_pollen;susi_ale;;;;;;;;
ITS2_susy4pAB;ZR115C-S306;ZR115C;ZR_115C;3;;Osmia_bicornis;Osmia;NA;Schorfheide ;SEG05;reed_pollen;2021;reed_pollen;susi_ale;;;;;;;;
ITS2_susy4pAB;ZR116A-S308;ZR116A;ZR_116A;2;;Osmia_bicornis;Osmia;NA;Schorfheide ;SEG05;reed_pollen;2021;reed_pollen;susi_ale;;;;;;;;
ITS2_susy4pAB;ZR116B-S309;ZR116B;ZR_116B;2;;Osmia_bicornis;Osmia;NA;Schorfheide ;SEG05;reed_pollen;2021;reed_pollen;susi_ale;;;;;;;;
ITS2_susy4pAB;ZR116C-S310;ZR116C;ZR_116C;3;;Osmia_bicornis;Osmia;NA;Schorfheide ;SEG05;reed_pollen;2021;reed_pollen;susi_ale;;;;;;;;
ITS2_susy4pAB;ZR117A-S311;ZR117A;ZR_117A;2;;Osmia_bicornis;Osmia;NA;Schorfheide ;SEG05;reed_pollen;2021;reed_pollen;susi_ale;;;;;;;;
ITS2_susy4pAB;ZR117B-S312;ZR117B;ZR_117B;2;;Osmia_bicornis;Osmia;NA;Schorfheide ;SEG05;reed_pollen;2021;reed_pollen;susi_ale;;;;;;;;
ITS2_susy4pAB;ZR117C-S313;ZR117C;ZR_117C;3;;Osmia_bicornis;Osmia;NA;Schorfheide ;SEG05;reed_pollen;2021;reed_pollen;susi_ale;;;;;;;;
ITS2_susy4pAB;Bi-P1718002;Bi-P1718002;Bi-P1718002;NA;;Hylaeus spp.;Hylaeus;NA;Schorfheide;SEG06;reed_pollen;2017;reed_pollen;birte;;;;;;;;
ITS2_susy4pAB;Bi-P1718007;Bi-P1718007;Bi-P1718007;NA;;Hylaeus spp.;Hylaeus;NA;Schorfheide;SEG06;reed_pollen;2017;reed_pollen;birte;;;;;;;;
ITS2_susy4pAB;Bi-P1718022;Bi-P1718022;Bi-P1718022;NA;;Osmia bicornis;Osmia;NA;Schorfheide;SEG06;reed_pollen;2017;reed_pollen;birte;;;;;;;;
ITS2_susy4pAB;Bi-P1718077;Bi-P1718077;Bi-P1718077;NA;;Osmia caerulescens;Osmia;NA;Schorfheide;SEG06;reed_pollen;2017;reed_pollen;birte;;;;;;;;
ITS2_susy4pAB;Bi-P1718131;Bi-P1718131;Bi-P1718131;NA;;Osmia bicornis;Osmia;NA;Schorfheide;SEG06;reed_pollen;2018;reed_pollen;birte;;;;;;;;
ITS2_susy4pAB;Bi-P1718151;Bi-P1718151;Bi-P1718151;NA;;Osmia bicornis;Osmia;NA;Schorfheide;SEG06;reed_pollen;2018;reed_pollen;birte;;;;;;;;
ITS2_susy4pAB;Bi-P1718030;Bi-P1718030;Bi-P1718030;NA;;Osmia cornuta;Osmia;NA;Schorfheide;SEG07;reed_pollen;2017;reed_pollen;birte;;;;;;;;
ITS2_susy4pAB;Bi-P1718032;Bi-P1718032;Bi-P1718032;NA;;Osmia bicornis;Osmia;NA;Schorfheide;SEG07;reed_pollen;2017;reed_pollen;birte;;;;;;;;
ITS2_susy4pAB;ZR-17-S23;ZR-17;ZR_017;1;;Osmia_bicornis;Osmia;NA;Schorfheide;SEG07;reed_pollen;2020;reed_pollen;susi_ale;;;;;;;;
ITS2_susy4pAB;ZR-18-S24;ZR-18;ZR_018;3;;Osmia_bicornis;Osmia;NA;Schorfheide;SEG07;reed_pollen;2020;reed_pollen;susi_ale;;;;;;;;
ITS2_susy4pAB;ZR-19-S25;ZR-19;ZR_019;3;;Osmia_bicornis;Osmia;NA;Schorfheide;SEG07;reed_pollen;2020;reed_pollen;susi_ale;;;;;;;;
ITS2_susy4pAB;ZR-20-S26;ZR-20;ZR_020;2;;Osmia_bicornis;Osmia;NA;Schorfheide;SEG07;reed_pollen;2020;reed_pollen;susi_ale;;;;;;;;
ITS2_susy4pAB;ZR-23A-S31;ZR-23A;ZR_023A;4;;Osmia_bicornis;Osmia;NA;Schorfheide;SEG07;reed_pollen;2021;reed_pollen;susi_ale;;;;;;;;
ITS2_susy4pAB;ZR-23B-S32;ZR-23B;ZR_023B;2;;Osmia_bicornis;Osmia;NA;Schorfheide;SEG07;reed_pollen;2021;reed_pollen;susi_ale;;;;;;;;
ITS2_susy4pAB;ZR-24A-S33;ZR-24A;ZR_024A;4;;Megachile_centuncularis;Megachile;NA;Schorfheide;SEG07;reed_pollen;2020;reed_pollen;susi_ale;;;;;;;;
ITS2_susy4pAB;ZR-24B-S34;ZR-24B;ZR_024B;2;;Megachile_centuncularis;Megachile;NA;Schorfheide;SEG07;reed_pollen;2020;reed_pollen;susi_ale;;;;;;;;
ITS2_susy4pAB;ZR-25A-S35;ZR-25A;ZR_025A;4;;NA;NA;NA;Schorfheide;SEG07;reed_pollen;2020;reed_pollen;susi_ale;;;;;;;;
ITS2_susy4pAB;ZR-25B-S36;ZR-25B;ZR_025B;4;;NA;NA;NA;Schorfheide;SEG07;reed_pollen;2020;reed_pollen;susi_ale;;;;;;;;
ITS2_susy4pAB;ZR-25C-S37;ZR-25C;ZR_025C;1;;NA;NA;NA;Schorfheide;SEG07;reed_pollen;2020;reed_pollen;susi_ale;;;;;;;;
ITS2_susy4pAB;ZR-29-S44;ZR-29;ZR_029;4;;Osmia_bicornis;Osmia;NA;Schorfheide;SEG07;reed_pollen;2020;reed_pollen;susi_ale;;;;;;;;
ITS2_susy4pAB;ZR-30-S45;ZR-30;ZR_030;3;;Osmia_bicornis;Osmia;NA;Schorfheide;SEG07;reed_pollen;2020;reed_pollen;susi_ale;;;;;;;;
ITS2_susy4pAB;ZR-31A-S46;ZR-31A;ZR_031A;4;;Osmia_bicornis;Osmia;NA;Schorfheide;SEG07;reed_pollen;2020;reed_pollen;susi_ale;;;;;;;;
ITS2_susy4pAB;ZR-31B-S47;ZR-31B;ZR_031B;1;;Osmia_bicornis;Osmia;NA;Schorfheide;SEG07;reed_pollen;2020;reed_pollen;susi_ale;;;;;;;;
ITS2_susy4pAB;ZR-32A-S48;ZR-32A;ZR_032A;4;;Osmia_bicornis;Osmia;NA;Schorfheide;SEG07;reed_pollen;2020;reed_pollen;susi_ale;;;;;;;;
ITS2_susy4pAB;ZR-32B-S49;ZR-32B;ZR_032B;3;;Osmia_bicornis;Osmia;NA;Schorfheide;SEG07;reed_pollen;2020;reed_pollen;susi_ale;;;;;;;;
ITS2_susy4pAB;Bi-P1718100;Bi-P1718100;Bi-P1718100;NA;;Osmia bicornis;Osmia;NA;Schorfheide;SEG08;reed_pollen;2017;reed_pollen;birte;;;;;;;;
ITS2_susy4pAB;Bi-P1718118;Bi-P1718118;Bi-P1718118;NA;;Osmia caerulescens;Osmia;NA;Schorfheide;SEG08;reed_pollen;2017;reed_pollen;birte;;;;;;;;
ITS2_susy4pAB;Bi-P1718132;Bi-P1718132;Bi-P1718132;NA;;Hylaeus spp.;Hylaeus;NA;Schorfheide;SEG08;reed_pollen;2018;reed_pollen;birte;;;;;;;;
ITS2_susy4pAB;ZR-49A-S80;ZR-49A;ZR_049A;4;;Osmia_bicornis;Osmia;NA;Schorfheide;SEG08;reed_pollen;2020;reed_pollen;susi_ale;;;;;;;;
ITS2_susy4pAB;ZR-49B-S81;ZR-49B;ZR_049B;4;;Osmia_bicornis;Osmia;NA;Schorfheide;SEG08;reed_pollen;2020;reed_pollen;susi_ale;;;;;;;;
ITS2_susy4pAB;ZR-49C-S342;ZR-49C;ZR_049C;1;;Osmia_bicornis;Osmia;NA;Schorfheide;SEG08;reed_pollen;2020;reed_pollen;susi_ale;;;;;;;;
ITS2_susy4pAB;ZR-50A-S83;ZR-50A;ZR_050A;4;;NA;NA;NA;Schorfheide;SEG08;reed_pollen;2020;reed_pollen;susi_ale;;;;;;;;
ITS2_susy4pAB;ZR-100-S305;ZR-100;ZR_100;3;;NA;NA;NA;Schorfheide;SEG08;reed_pollen;2020;reed_pollen;susi_ale;;;;;;;;
ITS2_susy4pAB;Bi-P1718031;Bi-P1718031;Bi-P1718031;NA;;Osmia cornuta;Osmia;NA;Schorfheide;SEG09;reed_pollen;2017;reed_pollen;birte;;;;;;;;
ITS2_susy4pAB;E01P-A8-S8;E01P-A8;E01P-A8;NA;;Control;Control;NA;;NA;pos_con;;reed_pollen;susi_ale;;;;;;;Run_01;A8
ITS2_susy4pAB;E01P-B7-S19;E01P-B7;E01P-B7;NA;;Control;Control;NA;;NA;pos_con;;reed_pollen;susi_ale;;;;;;;Run_01;B7
ITS2_susy4pAB;E01P-D5-S41;E01P-D5;E01P-D5;NA;;Control;Control;NA;;NA;pos_con;;reed_pollen;susi_ale;;;;;;;Run_01;D5
ITS2_susy4pAB;E01P-E4-S52;E01P-E4;E01P-E4;NA;;Control;Control;NA;;NA;pos_con;;reed_pollen;susi_ale;;;;;;;Run_01;E4
ITS2_susy4pAB;E01P-F3-S63;E01P-F3;E01P-F3;NA;;Control;Control;NA;;NA;pos_con;;reed_pollen;susi_ale;;;;;;;Run_01;F3
ITS2_susy4pAB;E01P-G2-S74;E01P-G2;E01P-G2;NA;;Control;Control;NA;;NA;pos_con;;reed_pollen;susi_ale;;;;;;;Run_01;G2
ITS2_susy4pAB;E01P-H1-S85;E01P-H1;E01P-H1;NA;;Control;Control;NA;;NA;pos_con;;reed_pollen;susi_ale;;;;;;;Run_01;H1
ITS2_susy4pAB;E01WP-A1-S1;E01WP-A1;E01WP-A1;NA;;Control;Control;NA;;NA;neg_pcr_con;;reed_pollen;susi_ale;;;;;;;Run_01;A1
ITS2_susy4pAB;E01WP-B1-S13;E01WP-B1;E01WP-B1;NA;;Control;Control;NA;;NA;neg_pcr_con;;reed_pollen;susi_ale;;;;;;;Run_01;B1
ITS2_susy4pAB;E01WP-C3-S27;E01WP-C3;E01WP-C3;NA;;Control;Control;NA;;NA;neg_pcr_con;;reed_pollen;susi_ale;;;;;;;Run_01;C3
ITS2_susy4pAB;E01WP-D4-S40;E01WP-D4;E01WP-D4;NA;;Control;Control;NA;;NA;neg_pcr_con;;reed_pollen;susi_ale;;;;;;;Run_01;D4
ITS2_susy4pAB;E01WP-E5-S53;E01WP-E5;E01WP-E5;NA;;Control;Control;NA;;NA;neg_pcr_con;;reed_pollen;susi_ale;;;;;;;Run_01;E5
ITS2_susy4pAB;E01WP-G7-S79;E01WP-G7;E01WP-G7;NA;;Control;Control;NA;;NA;neg_pcr_con;;reed_pollen;susi_ale;;;;;;;Run_01;G7
ITS2_susy4pAB;E01WP-H8-S92;E01WP-H8;E01WP-H8;NA;;Control;Control;NA;;NA;neg_pcr_con;;reed_pollen;susi_ale;;;;;;;Run_01;H8
ITS2_susy4pAB;E02P-A8-S104;E02P-A8;E02P-A8;NA;;Control;Control;NA;;NA;pos_con;;reed_pollen;susi_ale;;;;;;;Run_01;A8
ITS2_susy4pAB;E02P-B7-S115;E02P-B7;E02P-B7;NA;;Control;Control;NA;;NA;pos_con;;reed_pollen;susi_ale;;;;;;;Run_01;B7
ITS2_susy4pAB;E02P-C6-S126;E02P-C6;E02P-C6;NA;;Control;Control;NA;;NA;pos_con;;reed_pollen;susi_ale;;;;;;;Run_01;C6
ITS2_susy4pAB;E02P-D5-S137;E02P-D5;E02P-D5;NA;;Control;Control;NA;;NA;pos_con;;reed_pollen;susi_ale;;;;;;;Run_01;D5
ITS2_susy4pAB;E02WP-A1-S97;E02WP-A1;E02WP-A1;NA;;Control;Control;NA;;NA;neg_pcr_con;;reed_pollen;susi_ale;;;08. Jan;0;Jan 00;Jan 00;Run_01;A1
ITS2_susy4pAB;E02WP-B2-S110;E02WP-B2;E02WP-B2;NA;;Control;Control;NA;;NA;neg_pcr_con;;reed_pollen;susi_ale;;;08. Jan;0;Jan 00;Jan 00;Run_01;B2
ITS2_susy4pAB;E02WP-C3-S123;E02WP-C3;E02WP-C3;NA;;Control;Control;NA;;NA;neg_pcr_con;;reed_pollen;susi_ale;;;08. Jan;0;Jan 00;Jan 00;Run_01;C3
ITS2_susy4pAB;E02WP-D4-S136;E02WP-D4;E02WP-D4;NA;;Control;Control;NA;;NA;neg_pcr_con;;reed_pollen;susi_ale;;;08. Jan;0;Jan 00;Jan 00;Run_01;D4
ITS2_susy4pAB;E03P-A8-S200;E03P-A8;E03P-A8;NA;;Control;Control;NA;;NA;pos_con;;reed_pollen;susi_ale;;;;;;;Run_01;A8
ITS2_susy4pAB;E03P-B7-S211;E03P-B7;E03P-B7;NA;;Control;Control;NA;;NA;pos_con;;reed_pollen;susi_ale;;;;;;;Run_01;B7
ITS2_susy4pAB;E03W-C3-S219;E03W-C3;E03W-C3;NA;;Control;Control;NA;;NA;neg_ext_con;;reed_pollen,stigma;susi_ale,anna;;;0,53;0;0;0,73;Run_01;C3
ITS2_susy4pAB;E03W-D4-S232;E03W-D4;E03W-D4;NA;;Control;Control;NA;;NA;neg_ext_con;;reed_pollen,stigma;susi_ale,anna;;;0,53;0;0;0,73;Run_01;D4
ITS2_susy4pAB;E03W-A1-S193;E03W-A1;E03W-A1;NA;;Control;Control;NA;;NA;neg_ext_con;;reed_pollen;susi_ale;;;0,53;0;0;0,73;Run_01;A1
ITS2_susy4pAB;E03W-B2-S206;E03W-B2;E03W-B2;NA;;Control;Control;NA;;NA;neg_ext_con;;reed_pollen;susi_ale;;;0,53;0;0;0,73;Run_01;B2
ITS2_susy4pAB;E04W-A1-S289;E04W-A1;E04W-A1;NA;;Control;Control;NA;;NA;neg_ext_con;;reed_pollen,stigma;susi_ale,anna;;;0,6;0;0;0,78;Run_01;A1
ITS2_susy4pAB;E04W-B2-S302;E04W-B2;E04W-B2;NA;;Control;Control;NA;;NA;neg_ext_con;;reed_pollen,stigma;susi_ale,anna;;;0,6;0;0;0,78;Run_01;B2
ITS2_susy4pAB;Ext01-NegC-S96;Ext01-NegC;Ext01-NegC;NA;;Control;Control;NA;;NA;neg_ext_con;;reed_pollen,stigma;susi_ale,anna;;;0,6;0;0;0,78;Run_01;NegC
ITS2_susy4pAB;E04P-C6-S318;E04P-C6;E04P-C6;NA;;Control;Control;NA;;NA;pos_con;;reed_pollen;susi_ale;;;0,6;0;0;0,78;Run_01;C6
ITS2_susy4pAB;E04P-D5-S329;E04P-D5;E04P-D5;NA;;Control;Control;NA;;NA;pos_con;;reed_pollen;susi_ale;;;0,6;0;0;0,78;Run_01;D5
ITS2_susy4pAB;E04P-E4-S340;E04P-E4;E04P-E4;NA;;Control;Control;NA;;NA;pos_con;;reed_pollen;susi_ale;;;0,6;0;0;0,78;Run_01;E4
ITS2_susy4pAB;E04P-F3-S351;E04P-F3;E04P-F3;NA;;Control;Control;NA;;NA;pos_con;;reed_pollen;susi_ale;;;0,6;0;0;0,78;Run_01;F3
ITS2_susy4pAB;E04P-G2-S362;E04P-G2;E04P-G2;NA;;Control;Control;NA;;NA;pos_con;;reed_pollen;susi_ale;;;0,6;0;0;0,78;Run_01;G2
ITS2_susy4pAB;E04P-H1-S373;E04P-H1;E04P-H1;NA;;Control;Control;NA;;NA;pos_con;;reed_pollen;susi_ale;;;0,6;0;0;0,78;Run_01;H1
ITS2_susy4pAB;E04W-C3-S315;E04W-C3;E04W-C3;NA;;Control;Control;NA;;NA;neg_ext_con;;reed_pollen;susi_ale;;;0,6;0;0;0,78;Run_01;C3
ITS2_susy4pAB;E04W-D4-S328;E04W-D4;E04W-D4;NA;;Control;Control;NA;;NA;neg_ext_con;;reed_pollen;susi_ale;;;0,6;0;0;0,78;Run_01;D4
ITS2_susy4pAB;E04W-E5-S341;E04W-E5;E04W-E5;NA;;Control;Control;NA;;NA;neg_ext_con;;reed_pollen;susi_ale;;;0,6;0;0;0,78;Run_01;E5
ITS2_susy4pAB;E04W-F6-S354;E04W-F6;E04W-F6;NA;;Control;Control;NA;;NA;neg_ext_con;;reed_pollen;susi_ale;;;0,6;0;0;0,78;Run_01;F6
ITS2_susy4pAB;E04W-G7-S367;E04W-G7;E04W-G7;NA;;Control;Control;NA;;NA;neg_ext_con;;reed_pollen;susi_ale;;;0,6;0;0;0,78;Run_01;G7
ITS2_susy4pAB;E04W-H8-S380;E04W-H8;E04W-H8;NA;;Control;Control;NA;;NA;neg_ext_con;;reed_pollen;susi_ale;;;0,6;0;0;0,78;Run_01;H8
ITS2_susy4pAB;E-IX-NegC-S263;E-IX-NegC;E-IX-NegC;NA;;Control;Control;NA;;NA;neg_ext_con;;bee_leg_pollen,reed_pollen,marielle,ugo;susi_ale;;;0,6;0;0;0,78;Run_01;IX
ITS2_susy4pAB;E-VII-NegC-S96;E-VII-NegC;E-VII-NegC;NA;;Control;Control;NA;;NA;neg_ext_con;;reed_pollen;susi_ale;;;0,6;0;0;0,78;Run_01;VII
ITS2_susy4pAB;E03P-D5-S233;E03P-D5;E03P-D5;NA;;Control;Control;NA;;NA;pos_con;;reed_pollen,stigma;susi_ale,anna;;;;;;;Run_01;D5
ITS2_susy4pAB;E04P-A8-S296;E04P-A8;E04P-A8;NA;;Control;Control;NA;;NA;pos_con;;reed_pollen,stigma;susi_ale,anna;;;0,6;0;0;0,78;Run_01;A8
ITS2_susy4pAB;E04P-B7-S307;E04P-B7;E04P-B7;NA;;Control;Control;NA;;NA;pos_con;;reed_pollen,stigma;susi_ale,anna;;;0,6;0;0;0,78;Run_01;B7
ITS2_susy4pAB;Run02-NCon19-S219;Run02-NCon19;Run02-NCon19;NA;;Control;Control;NA;;NA;neg_ext_con;;bee_leg_pollen,reed_pollen;susi_ale;;;;;;;Run_02;
ITS2_susy4pAB;Run02-NCon20-S232;Run02-NCon20;Run02-NCon20;NA;;Control;Control;NA;;NA;neg_ext_con;;bee_leg_pollen,reed_pollen;susi_ale;;;;;;;Run_02;
ITS2_susy4pAB;Run02-NCon21-S245;Run02-NCon21;Run02-NCon21;NA;;Control;Control;NA;;NA;neg_ext_con;;reed_pollen;susi_ale;;;;;;;Run_02;
ITS2_susy4pAB;Run02-NCon22-S258;Run02-NCon22;Run02-NCon22;NA;;Control;Control;NA;;NA;neg_ext_con;;reed_pollen;susi_ale;;;;;;;Run_02;
ITS2_susy4pAB;Run02-NCon23-S271;Run02-NCon23;Run02-NCon23;NA;;Control;Control;NA;;NA;neg_ext_con;;reed_pollen,marielle;susi_ale;;;;;;;Run_02;
ITS2_susy4pAB;Run02-NCon24-S284;Run02-NCon24;Run02-NCon24;NA;;Control;Control;NA;;NA;neg_ext_con;;reed_pollen,marielle;susi_ale;;;;;;;Run_02;
ITS2_susy4pAB;Run02-NCon25-S289;Run02-NCon25;Run02-NCon25;NA;;Control;Control;NA;;NA;neg_ext_con;;reed_pollen;susi_ale;;;;;;;Run_02;
ITS2_susy4pAB;Run02-NCon26-S302;Run02-NCon26;Run02-NCon26;NA;;Control;Control;NA;;NA;neg_ext_con;;reed_pollen;susi_ale;;;;;;;Run_02;
ITS2_susy4pAB;Run02-NCon27-S315;Run02-NCon27;Run02-NCon27;NA;;Control;Control;NA;;NA;neg_ext_con;;reed_pollen;susi_ale;;;;;;;Run_02;
ITS2_susy4pAB;Run02-NCon28-S328;Run02-NCon28;Run02-NCon28;NA;;Control;Control;NA;;NA;neg_ext_con;;reed_pollen;susi_ale;;;;;;;Run_02;
ITS2_susy4pAB;Run02-NCon29-S341;Run02-NCon29;Run02-NCon29;NA;;Control;Control;NA;;NA;neg_ext_con;;reed_pollen;susi_ale;;;;;;;Run_02;
ITS2_susy4pAB;Run02-NCon30-S354;Run02-NCon30;Run02-NCon30;NA;;Control;Control;NA;;NA;neg_ext_con;;reed_pollen;susi_ale;;;;;;;Run_02;
ITS2_susy4pAB;Run02-NCon31-S367;Run02-NCon31;Run02-NCon31;NA;;Control;Control;NA;;NA;neg_ext_con;;reed_pollen;susi_ale;;;;;;;Run_02;
ITS2_susy4pAB;Run02-NCon32-S380;Run02-NCon32;Run02-NCon32;NA;;Control;Control;NA;;NA;neg_ext_con;;reed_pollen;susi_ale;;;;;;;Run_02;
ITS2_susy4pAB;Run02-PCon19-S222;Run02-PCon19;Run02-PCon19;NA;;Control;Control;NA;;NA;pos_con;;bee_leg_pollen,reed_pollen;susi_ale;;;;;;;Run_02;
ITS2_susy4pAB;Run02-PCon20-S233;Run02-PCon20;Run02-PCon20;NA;;Control;Control;NA;;NA;pos_con;;bee_leg_pollen,reed_pollen;susi_ale;;;;;;;Run_02;
ITS2_susy4pAB;Run02-PCon21-S244;Run02-PCon21;Run02-PCon21;NA;;Control;Control;NA;;NA;pos_con;;reed_pollen;susi_ale;;;;;;;Run_02;
ITS2_susy4pAB;Run02-PCon22-S255;Run02-PCon22;Run02-PCon22;NA;;Control;Control;NA;;NA;pos_con;;reed_pollen;susi_ale;;;;;;;Run_02;
ITS2_susy4pAB;Run02-PCon23-S266;Run02-PCon23;Run02-PCon23;NA;;Control;Control;NA;;NA;pos_con;;reed_pollen,marielle;susi_ale;;;;;;;Run_02;
ITS2_susy4pAB;Run02-PCon24-S277;Run02-PCon24;Run02-PCon24;NA;;Control;Control;NA;;NA;pos_con;;reed_pollen,marielle;susi_ale;;;;;;;Run_02;
ITS2_susy4pAB;Run02-PCon25-S296;Run02-PCon25;Run02-PCon25;NA;;Control;Control;NA;;NA;pos_con;;reed_pollen;susi_ale;;;;;;;Run_02;
ITS2_susy4pAB;Run02-PCon26-S307;Run02-PCon26;Run02-PCon26;NA;;Control;Control;NA;;NA;pos_con;;reed_pollen;susi_ale;;;;;;;Run_02;
ITS2_susy4pAB;Run02-PCon27-S318;Run02-PCon27;Run02-PCon27;NA;;Control;Control;NA;;NA;pos_con;;reed_pollen;susi_ale;;;;;;;Run_02;
ITS2_susy4pAB;Run02-PCon28-S329;Run02-PCon28;Run02-PCon28;NA;;Control;Control;NA;;NA;pos_con;;reed_pollen;susi_ale;;;;;;;Run_02;
ITS2_susy4pAB;Run02-PCon29-S340;Run02-PCon29;Run02-PCon29;NA;;Control;Control;NA;;NA;pos_con;;reed_pollen;susi_ale;;;;;;;Run_02;
ITS2_susy4pAB;Run02-PCon30-S351;Run02-PCon30;Run02-PCon30;NA;;Control;Control;NA;;NA;pos_con;;reed_pollen;susi_ale;;;;;;;Run_02;
ITS2_susy4pAB;Run02-PCon31-S362;Run02-PCon31;Run02-PCon31;NA;;Control;Control;NA;;NA;pos_con;;reed_pollen;susi_ale;;;;;;;Run_02;
ITS2_susy4pAB;Run02-PCon32-S373;Run02-PCon32;Run02-PCon32;NA;;Control;Control;NA;;NA;pos_con;;reed_pollen;susi_ale;;;;;;;Run_02;
ITS2_susy4pAB;Run03-NCon1-S1;Run03-NCon1;Run03-NCon1;NA;;Control;Control;NA;;NA;neg_pcr_con;;reed_pollen;susi_ale;;;;;;;Run_03;
ITS2_susy4pAB;Run03-NCon10-S110;Run03-NCon10;Run03-NCon10;NA;;Control;Control;NA;;NA;neg_pcr_con;;reed_pollen;susi_ale;;;;;;;Run_03;
ITS2_susy4pAB;Run03-NCon11-S123;Run03-NCon11;Run03-NCon11;NA;;Control;Control;NA;;NA;neg_pcr_con;;reed_pollen;susi_ale;;;;;;;Run_03;
ITS2_susy4pAB;Run03-NCon12-S136;Run03-NCon12;Run03-NCon12;NA;;Control;Control;NA;;NA;neg_pcr_con;;reed_pollen;susi_ale;;;;;;;Run_03;
ITS2_susy4pAB;Run03-NCon13-S149;Run03-NCon13;Run03-NCon13;NA;;Control;Control;NA;;NA;neg_pcr_con;;reed_pollen;susi_ale;;;;;;;Run_03;
ITS2_susy4pAB;Run03-NCon14-S162;Run03-NCon14;Run03-NCon14;NA;;Control;Control;NA;;NA;neg_pcr_con;;reed_pollen;susi_ale;;;;;;;Run_03;
ITS2_susy4pAB;Run03-NCon15-S175;Run03-NCon15;Run03-NCon15;NA;;Control;Control;NA;;NA;neg_pcr_con;;reed_pollen,marielle;susi_ale;;;;;;;Run_03;
ITS2_susy4pAB;Run03-NCon16-S188;Run03-NCon16;Run03-NCon16;NA;;Control;Control;NA;;NA;neg_pcr_con;;reed_pollen,marielle;susi_ale;;;;;;;Run_03;
ITS2_susy4pAB;Run03-NCon2-S14;Run03-NCon2;Run03-NCon2;NA;;Control;Control;NA;;NA;neg_pcr_con;;reed_pollen;susi_ale;;;;;;;Run_03;
ITS2_susy4pAB;Run03-NCon21-S245;Run03-NCon21;Run03-NCon21;NA;;Control;Control;NA;;NA;neg_ext_con;;bee_leg_pollen,reed_pollen;susi_ale;;;;;;;Run_03;
ITS2_susy4pAB;Run03-NCon22-S258;Run03-NCon22;Run03-NCon22;NA;;Control;Control;NA;;NA;neg_ext_con;;bee_leg_pollen,reed_pollen;susi_ale;;;;;;;Run_03;
ITS2_susy4pAB;Run03-NCon3-S27;Run03-NCon3;Run03-NCon3;NA;;Control;Control;NA;;NA;neg_pcr_con;;reed_pollen;susi_ale;;;;;;;Run_03;
ITS2_susy4pAB;Run03-NCon4-S40;Run03-NCon4;Run03-NCon4;NA;;Control;Control;NA;;NA;neg_pcr_con;;reed_pollen;susi_ale;;;;;;;Run_03;
ITS2_susy4pAB;Run03-NCon5-S53;Run03-NCon5;Run03-NCon5;NA;;Control;Control;NA;;NA;neg_pcr_con;;reed_pollen,ugo;susi_ale;;;;;;;Run_03;
ITS2_susy4pAB;Run03-NCon6-S66;Run03-NCon6;Run03-NCon6;NA;;Control;Control;NA;;NA;neg_pcr_con;;reed_pollen,ugo;susi_ale;;;;;;;Run_03;
ITS2_susy4pAB;Run03-NCon7-S79;Run03-NCon7;Run03-NCon7;NA;;Control;Control;NA;;NA;neg_pcr_con;;reed_pollen,ugo;susi_ale;;;;;;;Run_03;
ITS2_susy4pAB;Run03-NCon8-S92;Run03-NCon8;Run03-NCon8;NA;;Control;Control;NA;;NA;neg_pcr_con;;reed_pollen,ugo;susi_ale;;;;;;;Run_03;
ITS2_susy4pAB;Run03-NCon9-S97;Run03-NCon9;Run03-NCon9;NA;;Control;Control;NA;;NA;neg_pcr_con;;reed_pollen;susi_ale;;;;;;;Run_03;
ITS2_susy4pAB;Run03-PCon1-S8;Run03-PCon1;Run03-PCon1;NA;;Control;Control;NA;;NA;pos_con;;reed_pollen;susi_ale;;;;;;;Run_03;
ITS2_susy4pAB;Run03-PCon10-S115;Run03-PCon10;Run03-PCon10;NA;;Control;Control;NA;;NA;pos_con;;reed_pollen;susi_ale;;;;;;;Run_03;
ITS2_susy4pAB;Run03-PCon11-S126;Run03-PCon11;Run03-PCon11;NA;;Control;Control;NA;;NA;pos_con;;reed_pollen;susi_ale;;;;;;;Run_03;
ITS2_susy4pAB;Run03-PCon12-S137;Run03-PCon12;Run03-PCon12;NA;;Control;Control;NA;;NA;pos_con;;reed_pollen;susi_ale;;;;;;;Run_03;
ITS2_susy4pAB;Run03-PCon13-S148;Run03-PCon13;Run03-PCon13;NA;;Control;Control;NA;;NA;pos_con;;reed_pollen;susi_ale;;;;;;;Run_03;
ITS2_susy4pAB;Run03-PCon14-S159;Run03-PCon14;Run03-PCon14;NA;;Control;Control;NA;;NA;pos_con;;reed_pollen;susi_ale;;;;;;;Run_03;
ITS2_susy4pAB;Run03-PCon15-S170;Run03-PCon15;Run03-PCon15;NA;;Control;Control;NA;;NA;pos_con;;reed_pollen,marielle;susi_ale;;;;;;;Run_03;
ITS2_susy4pAB;Run03-PCon16-S181;Run03-PCon16;Run03-PCon16;NA;;Control;Control;NA;;NA;pos_con;;reed_pollen,marielle;susi_ale;;;;;;;Run_03;
ITS2_susy4pAB;Run03-PCon2-S19;Run03-PCon2;Run03-PCon2;NA;;Control;Control;NA;;NA;pos_con;;reed_pollen;susi_ale;;;;;;;Run_03;
ITS2_susy4pAB;Run03-PCon21-S244;Run03-PCon21;Run03-PCon21;NA;;Control;Control;NA;;NA;pos_con;;bee_leg_pollen,reed_pollen;susi_ale;;;;;;;Run_03;
ITS2_susy4pAB;Run03-PCon22-S255;Run03-PCon22;Run03-PCon22;NA;;Control;Control;NA;;NA;pos_con;;bee_leg_pollen,reed_pollen;susi_ale;;;;;;;Run_03;
ITS2_susy4pAB;Run03-PCon3-S30;Run03-PCon3;Run03-PCon3;NA;;Control;Control;NA;;NA;pos_con;;reed_pollen;susi_ale;;;;;;;Run_03;
ITS2_susy4pAB;Run03-PCon4-S41;Run03-PCon4;Run03-PCon4;NA;;Control;Control;NA;;NA;pos_con;;reed_pollen;susi_ale;;;;;;;Run_03;
ITS2_susy4pAB;Run03-PCon5-S52;Run03-PCon5;Run03-PCon5;NA;;Control;Control;NA;;NA;pos_con;;reed_pollen,ugo;susi_ale;;;;;;;Run_03;
ITS2_susy4pAB;Run03-PCon6-S63;Run03-PCon6;Run03-PCon6;NA;;Control;Control;NA;;NA;pos_con;;reed_pollen,ugo;susi_ale;;;;;;;Run_03;
ITS2_susy4pAB;Run03-PCon7-S74;Run03-PCon7;Run03-PCon7;NA;;Control;Control;NA;;NA;pos_con;;reed_pollen,ugo;susi_ale;;;;;;;Run_03;
ITS2_susy4pAB;Run03-PCon8-S85;Run03-PCon8;Run03-PCon8;NA;;Control;Control;NA;;NA;pos_con;;reed_pollen,ugo;susi_ale;;;;;;;Run_03;
ITS2_susy4pAB;Run03-PCon9-S104;Run03-PCon9;Run03-PCon9;NA;;Control;Control;NA;;NA;pos_con;;reed_pollen;susi_ale;;;;;;;Run_03;
ITS2_susy4pAB;NAX01-S347;NAX01;;NA;;empty;empty;NA;;NA;;;;;;;;;;;;
ITS2_susy4pAB;NAX02-S348;NAX02;;NA;;empty;empty;NA;;NA;;;;;;;;;;;;
ITS2_susy4pAB;NAX04-S349;NAX04;;NA;;empty;empty;NA;;NA;;;;;;;;;;;;
ITS2_susy4pAB;NAX05-S350;NAX05;;NA;;empty;empty;NA;;NA;;;;;;;;;;;;
ITS2_susy4pAB;NAX06-S352;NAX06;;NA;;empty;empty;NA;;NA;;;;;;;;;;;;
ITS2_susy4pAB;NAX07-S353;NAX07;;NA;;empty;empty;NA;;NA;;;;;;;;;;;;
ITS2_susy4pAB;NAX08-S355;NAX08;;NA;;empty;empty;NA;;NA;;;;;;;;;;;;
ITS2_susy4pAB;NAX09-S356;NAX09;;NA;;empty;empty;NA;;NA;;;;;;;;;;;;
ITS2_susy4pAB;NAX10-S357;NAX10;;NA;;empty;empty;NA;;NA;;;;;;;;;;;;
ITS2_susy4pAB;NAX11-S358;NAX11;;NA;;empty;empty;NA;;NA;;;;;;;;;;;;
ITS2_susy4pAB;NAX12-S359;NAX12;;NA;;empty;empty;NA;;NA;;;;;;;;;;;;
ITS2_susy4pAB;NAX13-S360;NAX13;;NA;;empty;empty;NA;;NA;;;;;;;;;;;;
ITS2_susy4pAB;NAX14-S361;NAX14;;NA;;empty;empty;NA;;NA;;;;;;;;;;;;
ITS2_susy4pAB;NAX15-S363;NAX15;;NA;;empty;empty;NA;;NA;;;;;;;;;;;;
ITS2_susy4pAB;NAX16-S364;NAX16;;NA;;empty;empty;NA;;NA;;;;;;;;;;;;
ITS2_susy4pAB;NAX17-S365;NAX17;;NA;;empty;empty;NA;;NA;;;;;;;;;;;;
ITS2_susy4pAB;NAX17-S366;NAX17-rep;;NA;;empty;empty;NA;;NA;;;;;;;;;;;;
ITS2_susy4pAB;NAX18-S368;NAX18;;NA;;empty;empty;NA;;NA;;;;;;;;;;;;
ITS2_susy4pAB;NAX19-S369;NAX19;;NA;;empty;empty;NA;;NA;;;;;;;;;;;;
ITS2_susy4pAB;NAX20-S370;NAX20;;NA;;empty;empty;NA;;NA;;;;;;;;;;;;
ITS2_susy4pAB;NAX21-S371;NAX21;;NA;;empty;empty;NA;;NA;;;;;;;;;;;;
ITS2_susy4pAB;NAX22-S372;NAX22;;NA;;empty;empty;NA;;NA;;;;;;;;;;;;
ITS2_susy4pAB;NAX22-S374;NAX22-rep;;NA;;empty;empty;NA;;NA;;;;;;;;;;;;
ITS2_susy4pAB;NAX23-S375;NAX23;;NA;;empty;empty;NA;;NA;;;;;;;;;;;;
ITS2_susy4pAB;NAX24-S376;NAX24;;NA;;empty;empty;NA;;NA;;;;;;;;;;;;
ITS2_susy4pAB;NAX25-S377;NAX25;;NA;;empty;empty;NA;;NA;;;;;;;;;;;;
ITS2_susy4pAB;NAX26-S378;NAX26;;NA;;empty;empty;NA;;NA;;;;;;;;;;;;
ITS2_susy4pAB;NAX27-S379;NAX27;;NA;;empty;empty;NA;;NA;;;;;;;;;;;;
ITS2_susy4pAB;NAX28-S381;NAX28;;NA;;empty;empty;NA;;NA;;;;;;;;;;;;
ITS2_susy4pAB;NAX29-S382;NAX29;;NA;;empty;empty;NA;;NA;;;;;;;;;;;;
ITS2_susy4pAB;NAX30-S383;NAX30;;NA;;empty;empty;NA;;NA;;;;;;;;;;;;
ITS2_susy4pAB;NAX31-S384;NAX31;;NA;;empty;empty;NA;;NA;;;;;;;;;;;;
